"","ID","PIT_Tag","scale_factor","Sex","Maturity","Site","Control.Treatment.","Recap.","Notes","horizontal_eye_diameter","head_depth_through_eye","postorbital_length","head_length","maximum_body_depth","minimum_caudal_peduncle_depth","predorsal_length","postdorsal_length","pect.pelvic_distance","pelvic.anal_distance","pectoral.anal_distance","preanal_length","fork_length","fork_measured","dorsal_fin_base_length","anterior_dorsal_height","posterior_dorsal_height","anal_fin_base_length","anal_fin_height","pectoral_fin_length","pelvic_fin_length","adipose_fin_base","adipose_height","dorsal_end_length","dorsal_to_adipose","dorsal_reach_adipose","papillae","problems","sex_num","a","b","c","d","e","f","g","h","i","j","k","l","m","n","o","p","q","r","s","t","u","v","horizontal_eye_diameter_FL_a","head_depth_through_eye_FL_b","postorbital_length_FL_c","head_length_FL_d","maximum_body_depth_FL_e","minimum_caudal_peduncle_depth_FL_f","predorsal_length_FL_g","postdorsal_length_FL_h","pect.pelvic_distance_FL_i","pelvic.anal_distance_FL_j","preanal_length_FL_k","dorsal_fin_base_length_FL_l","anterior_dorsal_height_FL_m","posterior_dorsal_height_FL_n","anal_fin_base_length_FL_o","anal_fin_height_FL_p","pectoral_fin_length_FL_q","pelvic_fin_length_FL_r","adipose_fin_base_FL_s","adipose_height_FL_t","dorsal_end_length_FL_u","dorsal_to_adipose_FL_v"
"1","1","3DD.003D422465",0.11094,"M","MA","Colorado","Control","ADFG","",13.43,30.43,35.94,56.69,85.71,29.19,105.32,146.44,120.6,100.18,220.78,276.58,389.52,365,110.68,36.19,115.24,40.32,29.52,76.35,86.63,9.3,5.13,116.81,87.15,"yes","","no",0,0.0344783323064284,0.0781217909221606,0.0922674060382009,0.145538098172109,0.220040049291436,0.0749383857054837,0.270384062435818,0.37594988704046,0.309611829944547,0.257188334360238,0.710053399055247,0.284144588211132,0.0929092216060793,0.295851304169234,0.103512014787431,0.0757855822550832,0.196010474430068,0.222401930581228,0.023875539125077,0.0131700554528651,0.29988190593551,0.223736906962415,0.0344783323064284,0.0781217909221606,0.0922674060382009,0.145538098172109,0.220040049291436,0.0749383857054837,0.270384062435818,0.37594988704046,0.309611829944547,0.257188334360238,0.710053399055247,0.284144588211132,0.0929092216060793,0.295851304169234,0.103512014787431,0.0757855822550832,0.196010474430068,0.222401930581228,0.023875539125077,0.0131700554528651,0.29988190593551,0.223736906962415
"2","2","3DD.003E270DBE",0.084007,"M","MA","Colorado","Control","N","",10.67,23.7,26.21,42.51,67.72,24.29,81.42,109.04,92.01,72.25,164.26,205.4,299.2,289,87.13,35.28,80.83,35.39,32.36,54.46,59.06,7.11,5.88,71.45,64.29,"yes","","no",0,0.0356617647058824,0.0792112299465241,0.0876002673796791,0.142078877005348,0.226336898395722,0.0811831550802139,0.272125668449198,0.364438502673797,0.307520053475936,0.241477272727273,0.686497326203209,0.291209893048128,0.117914438502674,0.270153743315508,0.118282085561497,0.108155080213904,0.18201871657754,0.197393048128342,0.0237633689839572,0.0196524064171123,0.238803475935829,0.214872994652406,0.0356617647058824,0.0792112299465241,0.0876002673796791,0.142078877005348,0.226336898395722,0.0811831550802139,0.272125668449198,0.364438502673797,0.307520053475936,0.241477272727273,0.686497326203209,0.291209893048128,0.117914438502674,0.270153743315508,0.118282085561497,0.108155080213904,0.18201871657754,0.197393048128342,0.0237633689839572,0.0196524064171123,0.238803475935829,0.214872994652406
"3","3","3DD.003E270D83",0.100825,"M","MA","Colorado","Control","Y","Upper caudal fin has some damage. Adipose is clipped.",12.7,26.72,33.48,55.05,73.75,25.86,106.43,134.42,110.5,97.24,207.74,259.5,361.88,343,96.23,36.69,88.92,34.66,34.19,60.5,78.15,8.8,NA,88,80.89,"yes","","no",0,0.0350945064662319,0.0738366309273792,0.0925168564164916,0.152122250469769,0.203796838731071,0.0714601525367525,0.294103017574887,0.371449099148889,0.305349839725876,0.268707858958771,0.717088537636786,0.265916878523267,0.101387200176854,0.24571681220294,0.0957776058361888,0.0944788327622416,0.167182491433624,0.215955565380789,0.0243174532994363,NA,0.243174532994363,0.223527136067205,0.0350945064662319,0.0738366309273792,0.0925168564164916,0.152122250469769,0.203796838731071,0.0714601525367525,0.294103017574887,0.371449099148889,0.305349839725876,0.268707858958771,0.717088537636786,0.265916878523267,0.101387200176854,0.24571681220294,0.0957776058361888,0.0944788327622416,0.167182491433624,0.215955565380789,0.0243174532994363,NA,0.243174532994363,0.223527136067205
"4","4","3DD.003E270D32",0.078065,"F","MA","Colorado","Control","Y","Adipose is clipped, some caudal fin degredation",10.8,20.77,24.2,37.32,57.81,21.42,81.73,112.81,88.54,70.28,158.82,195.89,284.79,273,69.33,29.02,52.12,29.4,27.93,44.75,42.98,6.43,NA,47.24,72.82,"no","","adipose bad",1,0.0379226798693774,0.0729309315636083,0.0849748937813828,0.131043927104182,0.202991678078584,0.0752133150742652,0.286983391270761,0.396116436672636,0.310895747743952,0.246778327890726,0.687840162927069,0.24344253660592,0.101899645352716,0.183012043962218,0.103233961866639,0.0980722637733066,0.157133326310615,0.150918220443134,0.0225780399592682,NA,0.165876610836055,0.255697180378524,0.0379226798693774,0.0729309315636083,0.0849748937813828,0.131043927104182,0.202991678078584,0.0752133150742652,0.286983391270761,0.396116436672636,0.310895747743952,0.246778327890726,0.687840162927069,0.24344253660592,0.101899645352716,0.183012043962218,0.103233961866639,0.0980722637733066,0.157133326310615,0.150918220443134,0.0225780399592682,NA,0.165876610836055,0.255697180378524
"5","5","3DD.003E270D4B",0.071824,"F","IM?","Colorado","Control","Y","Cadual fin slightly degraded/shorted at the end, possibly due to E-fisher. Adipose is clipped. ",10.06,19.47,22.05,35.98,55.55,20.18,73.98,98.94,83.9,61.27,145.17,180.93,263.57,255,68.96,26.43,47.04,24.92,24.32,43.72,47.26,8.3,NA,48.25,61.6,"no","","no",1,0.0381682285540843,0.0738703190803202,0.0836589900216261,0.136510224987669,0.210759949918428,0.0765641006184315,0.280684448154191,0.375384148423569,0.318321508517661,0.232461964563494,0.68645900519786,0.261638274462192,0.10027696627082,0.178472512046136,0.0945479379292029,0.0922715028265736,0.165876237811587,0.1793072049171,0.0314906855863717,NA,0.183063322836438,0.23371400386994,0.0381682285540843,0.0738703190803202,0.0836589900216261,0.136510224987669,0.210759949918428,0.0765641006184315,0.280684448154191,0.375384148423569,0.318321508517661,0.232461964563494,0.68645900519786,0.261638274462192,0.10027696627082,0.178472512046136,0.0945479379292029,0.0922715028265736,0.165876237811587,0.1793072049171,0.0314906855863717,NA,0.183063322836438,0.23371400386994
"6","6","3DD.003E270D9D",0.089158,"F","MA","Colorado","Treatment","N?","Adipose is deformed ",10.79,24.79,30.49,46.1,67.23,23.64,89.07,120.81,94.89,83.23,178.12,225.42,318.98,311,88.16,32.47,64.69,34.09,38.96,59.36,57.9,7.34,NA,80.05,70.87,"yes","","no",1,0.0338265721988839,0.0777164712521161,0.0955859301523606,0.144523167596715,0.2107655652392,0.074111229544172,0.279233807762242,0.378738478901499,0.297479465797229,0.260925449871465,0.706690074612828,0.276380964323782,0.101793215875603,0.202802683553828,0.10687190419462,0.122139319079566,0.186093171985704,0.18151608251301,0.0230108470750517,NA,0.250956172800803,0.22217693899304,0.0338265721988839,0.0777164712521161,0.0955859301523606,0.144523167596715,0.2107655652392,0.074111229544172,0.279233807762242,0.378738478901499,0.297479465797229,0.260925449871465,0.706690074612828,0.276380964323782,0.101793215875603,0.202802683553828,0.10687190419462,0.122139319079566,0.186093171985704,0.18151608251301,0.0230108470750517,NA,0.250956172800803,0.22217693899304
"7","7","3DD.003E270D96",0.074552,"F","MA","Colorado","Treatment","N","",10.74,22.21,19.21,38.72,56.48,19.43,72.43,109.72,80.26,69.34,149.6,185.38,263.72,257,65.5,22.22,47.54,27.92,24.03,41.01,39.55,5.14,NA,47.12,69.91,"no","","no",1,0.0407250113757015,0.0842181101167905,0.0728424086151979,0.146822387380555,0.214166540269983,0.0736766267253147,0.274647353253451,0.416047322918247,0.304337934172607,0.26293038070681,0.702942514788412,0.248369482784772,0.0842560291217958,0.180266949795237,0.105869861974822,0.0911193690277567,0.155505839526771,0.149969664795996,0.0194903685727286,NA,0.178674351585014,0.265091763992113,0.0407250113757015,0.0842181101167905,0.0728424086151979,0.146822387380555,0.214166540269983,0.0736766267253147,0.274647353253451,0.416047322918247,0.304337934172607,0.26293038070681,0.702942514788412,0.248369482784772,0.0842560291217958,0.180266949795237,0.105869861974822,0.0911193690277567,0.155505839526771,0.149969664795996,0.0194903685727286,NA,0.178674351585014,0.265091763992113
"8","8","3DD.003E270DEF",0.096114,"M","MA","Colorado","Treatment","N","Adipose is clipped, NOT A RECAP",11.93,27.98,30.32,52.95,79.96,27.78,98.35,139.29,107.94,94.69,202.63,255.92,362.42,354,103.83,34.01,107.65,39.83,30.24,62.24,78.61,7.84,NA,101.46,80.68,"yes","","no",0,0.0329176094034546,0.0772032448540367,0.0836598421720656,0.146101208542575,0.220628000662215,0.0766513989294189,0.271370233430826,0.384333094200099,0.297831245516252,0.26127145301032,0.706142045140997,0.286490811765355,0.0938413994812648,0.297031068925556,0.109900115887644,0.0834391038022184,0.171734451741074,0.216903040671045,0.0216323602450196,NA,0.279951437558634,0.222614645990839,0.0329176094034546,0.0772032448540367,0.0836598421720656,0.146101208542575,0.220628000662215,0.0766513989294189,0.271370233430826,0.384333094200099,0.297831245516252,0.26127145301032,0.706142045140997,0.286490811765355,0.0938413994812648,0.297031068925556,0.109900115887644,0.0834391038022184,0.171734451741074,0.216903040671045,0.0216323602450196,NA,0.279951437558634,0.222614645990839
"9","9","3DD.003E270DD5",0.078008,"F","","","","","",10.33,24.46,22.27,38.7,65.77,22.8,70.35,102.85,79.66,68.66,148.32,186.68,270.92,260,76.39,28.52,48.68,29,24.82,47,45.44,6.77,NA,49.5,65.9,"no","","no",1,0.0381293370736749,0.0902849549682563,0.082201387863576,0.142846596781338,0.242765391997638,0.0841576849254392,0.259670751513362,0.379632363797431,0.294035139524583,0.25343274767459,0.689059500959693,0.28196515576554,0.105270928687435,0.179684039568876,0.107042669422708,0.0916137605197106,0.173482946995423,0.167724789605788,0.0249889266204045,NA,0.182710763324967,0.243245238446774,0.0381293370736749,0.0902849549682563,0.082201387863576,0.142846596781338,0.242765391997638,0.0841576849254392,0.259670751513362,0.379632363797431,0.294035139524583,0.25343274767459,0.689059500959693,0.28196515576554,0.105270928687435,0.179684039568876,0.107042669422708,0.0916137605197106,0.173482946995423,0.167724789605788,0.0249889266204045,NA,0.182710763324967,0.243245238446774
"10","10","3DD.003E270DC1",0.057411,"F","MA","Colorado","Treatment","N","",8.56,16.49,16.61,29.66,46.22,15.87,60.76,84.12,62.58,53.8,116.38,146.08,211.44,207,51.36,20.8,24.66,21.85,20.49,33.95,32.07,3.84,2.57,23.89,54.28,"no","","no",1,0.0404842981460462,0.0779890276201286,0.0785565645100265,0.140276201286417,0.218596292092319,0.0750567536889898,0.287362845251608,0.397843359818388,0.295970488081725,0.254445705637533,0.690881573968975,0.242905788876277,0.0983730609156262,0.116628830874007,0.103339008702232,0.0969069239500567,0.160565645100265,0.151674233825199,0.018161180476731,0.0121547483919788,0.112987135830496,0.256715853197124,0.0404842981460462,0.0779890276201286,0.0785565645100265,0.140276201286417,0.218596292092319,0.0750567536889898,0.287362845251608,0.397843359818388,0.295970488081725,0.254445705637533,0.690881573968975,0.242905788876277,0.0983730609156262,0.116628830874007,0.103339008702232,0.0969069239500567,0.160565645100265,0.151674233825199,0.018161180476731,0.0121547483919788,0.112987135830496,0.256715853197124
"11","11","3DD.003E270DC2",0.067113,"M","MA","Stiles","Treatment","N","",9.14,20.94,19.01,36.24,53.54,17.65,67.61,97.61,72.75,56.57,129.32,163.44,234.46,226,57.88,21.02,24.76,22.56,25.16,39.6,34.97,7.51,3.9,24.35,60.98,"no","","no",0,0.0389831954277915,0.0893116096562313,0.0810799283459865,0.154567943359208,0.228354516761921,0.0752793653501663,0.288364753049561,0.416318348545594,0.310287469077881,0.24127782990702,0.69709118826239,0.246865136910347,0.0896528192442208,0.105604367482726,0.0962211038130171,0.107310415422673,0.168898746054764,0.149151241149876,0.032031050072507,0.0166339674144843,0.10385566834428,0.260087008444937,0.0389831954277915,0.0893116096562313,0.0810799283459865,0.154567943359208,0.228354516761921,0.0752793653501663,0.288364753049561,0.416318348545594,0.310287469077881,0.24127782990702,0.69709118826239,0.246865136910347,0.0896528192442208,0.105604367482726,0.0962211038130171,0.107310415422673,0.168898746054764,0.149151241149876,0.032031050072507,0.0166339674144843,0.10385566834428,0.260087008444937
"12","12","3DD.003E270DDB",0.061724,"F","IM?","Stiles","Control","N","",8.52,16.8,16.63,30.69,41,15.76,60.38,80.95,60.94,50.8,111.74,142.34,205.29,195,47.47,16.8,21.37,20,20.63,32.96,29.8,6.8,3.67,20.85,53,"no","","no",1,0.0415022650884115,0.0818354522870086,0.0810073554483901,0.149495835160018,0.199717472843295,0.0767694480978128,0.294120512445808,0.394320229918652,0.296848360855375,0.247454820010717,0.693360611817429,0.231233864289542,0.0818354522870086,0.104096643772225,0.0974231574845341,0.100491986945297,0.160553363534512,0.145160504651956,0.0331238735447416,0.017877149398412,0.101563641677627,0.258171367334015,0.0415022650884115,0.0818354522870086,0.0810073554483901,0.149495835160018,0.199717472843295,0.0767694480978128,0.294120512445808,0.394320229918652,0.296848360855375,0.247454820010717,0.693360611817429,0.231233864289542,0.0818354522870086,0.104096643772225,0.0974231574845341,0.100491986945297,0.160553363534512,0.145160504651956,0.0331238735447416,0.017877149398412,0.101563641677627,0.258171367334015
"13","13","3DD.003E270DF4",0.057788,"M","IM","Stiles","Control","N","",8.14,15.91,14.63,28.54,36.57,13.88,53.9,76.05,57.58,47.64,105.22,133.83,192.5,180,46.6,17.45,18.35,18.69,17.1,29.07,25.95,NA,3.09,17.29,46.57,"no","","no",0,0.0422857142857143,0.0826493506493507,0.076,0.14825974025974,0.189974025974026,0.0721038961038961,0.28,0.395064935064935,0.299116883116883,0.247480519480519,0.695220779220779,0.242077922077922,0.0906493506493506,0.0953246753246753,0.0970909090909091,0.0888311688311688,0.151012987012987,0.134805194805195,NA,0.016051948051948,0.0898181818181818,0.241922077922078,0.0422857142857143,0.0826493506493507,0.076,0.14825974025974,0.189974025974026,0.0721038961038961,0.28,0.395064935064935,0.299116883116883,0.247480519480519,0.695220779220779,0.242077922077922,0.0906493506493506,0.0953246753246753,0.0970909090909091,0.0888311688311688,0.151012987012987,0.134805194805195,NA,0.016051948051948,0.0898181818181818,0.241922077922078
"14","14","3DD.003E270DF0",0.053366,"M","IM","Stiles","Control","N","",7.58,14.78,15.59,28.18,36.5,13.35,60.26,73.45,60.25,46.22,106.47,132.51,188.35,175,42.88,13.81,16.71,17.92,15.97,25,24.3,NA,1.77,15.17,46.55,"no","","no",0,0.0402442261746748,0.078470931775949,0.0827714361560924,0.149615078311654,0.193788160339793,0.0708786833023626,0.319936288823998,0.389965489779666,0.319883196177329,0.245394212901513,0.703530661003451,0.227661268914255,0.0733209450491107,0.0887178125829573,0.0951420228298381,0.084788956729493,0.132731616671091,0.129015131404301,NA,0.00939739846031325,0.0805415449960181,0.247146270241572,0.0402442261746748,0.078470931775949,0.0827714361560924,0.149615078311654,0.193788160339793,0.0708786833023626,0.319936288823998,0.389965489779666,0.319883196177329,0.245394212901513,0.703530661003451,0.227661268914255,0.0733209450491107,0.0887178125829573,0.0951420228298381,0.084788956729493,0.132731616671091,0.129015131404301,NA,0.00939739846031325,0.0805415449960181,0.247146270241572
"15","15","3DD.003E270D57",0.100928,"F","MA","Angel ","Control","Y","",10.8,26.45,28.77,46.63,75.86,28.16,94.07,134.65,116.14,89.4,205.54,250.86,355.33,349,101.11,36.2,74.65,36.86,30.56,58.79,61.35,11.59,NA,65.46,80.48,"no","","no",1,0.0303942813722455,0.0744378465088791,0.0809669884332874,0.131230124109982,0.213491683786902,0.079250274392818,0.264739819322883,0.378943517293783,0.326851096164129,0.251597106914699,0.70599161342977,0.284552387921087,0.101877128303267,0.210086398559086,0.103734556609349,0.0860045591422058,0.165451833506881,0.172656403906228,0.032617566768919,NA,0.184223116539555,0.226493681929474,0.0303942813722455,0.0744378465088791,0.0809669884332874,0.131230124109982,0.213491683786902,0.079250274392818,0.264739819322883,0.378943517293783,0.326851096164129,0.251597106914699,0.70599161342977,0.284552387921087,0.101877128303267,0.210086398559086,0.103734556609349,0.0860045591422058,0.165451833506881,0.172656403906228,0.032617566768919,NA,0.184223116539555,0.226493681929474
"16","16","3DD.003E270D49",0.100928,"M","MA","Angel ","Control","Y","",13.02,33.61,35.32,61.26,81.62,27.88,104.17,130.63,111.83,92.45,204.28,261.4,365.13,355,103.63,35.55,102.6,40.11,35.43,68.94,76.12,9.76,NA,98.39,72.34,"yes","","no",0,0.0356585325774382,0.092049407060499,0.0967326705556925,0.16777586065237,0.223536822501575,0.0763563662257278,0.285295648125325,0.357762988524635,0.306274477583326,0.253197491304467,0.715909402130748,0.283816722811054,0.0973625831895489,0.28099580971161,0.109851285843398,0.0970339331197108,0.188809465122011,0.20847369430066,0.0267302056801687,NA,0.269465669761455,0.198121217100759,0.0356585325774382,0.092049407060499,0.0967326705556925,0.16777586065237,0.223536822501575,0.0763563662257278,0.285295648125325,0.357762988524635,0.306274477583326,0.253197491304467,0.715909402130748,0.283816722811054,0.0973625831895489,0.28099580971161,0.109851285843398,0.0970339331197108,0.188809465122011,0.20847369430066,0.0267302056801687,NA,0.269465669761455,0.198121217100759
"17","17","3DD.003E270D58",0.102825,"M","MA","Angel ","Control","Y","",11.21,23.97,35.17,52.03,81.94,29.42,98.86,141.19,112.5,99.41,211.91,268.55,377.04,368,109.1,27.6,75.75,39.63,36.11,66.86,79.22,10.13,NA,83.47,80.2,"yes","","no",0,0.0297315934648844,0.0635741565881604,0.0932792276681519,0.137995968597496,0.217324421812009,0.0780288563547634,0.262200297050711,0.374469552302143,0.298376830044558,0.263659028219818,0.712258646297475,0.289359219180989,0.0732017823042648,0.200907065563335,0.105108211330363,0.0957723318480798,0.177328665393592,0.210110333121154,0.0268671758964566,NA,0.221382346700615,0.212709526840654,0.0297315934648844,0.0635741565881604,0.0932792276681519,0.137995968597496,0.217324421812009,0.0780288563547634,0.262200297050711,0.374469552302143,0.298376830044558,0.263659028219818,0.712258646297475,0.289359219180989,0.0732017823042648,0.200907065563335,0.105108211330363,0.0957723318480798,0.177328665393592,0.210110333121154,0.0268671758964566,NA,0.221382346700615,0.212709526840654
"18","18","3DD.003E270D3D",0.098701,"F","MA","Angel ","Control","Y","",10.86,27.15,28.75,48.34,72.3,26.19,104.52,139.46,110.61,90.53,201.14,248.47,359.89,343,89.98,31.63,81.7,37.66,36.54,66.14,63.76,11.04,NA,67.7,91.52,"no","","no",1,0.0301758870766067,0.0754397176915168,0.0798855205757315,0.134318819639334,0.200894717830448,0.0727722359609881,0.29042207341132,0.387507293895357,0.307343910639362,0.251549084442469,0.690405401650504,0.25002083970102,0.0878879657673178,0.227013809775209,0.104643085387202,0.101531023368251,0.183778376726222,0.177165244935953,0.0306760399010809,NA,0.188113034538331,0.254299924977076,0.0301758870766067,0.0754397176915168,0.0798855205757315,0.134318819639334,0.200894717830448,0.0727722359609881,0.29042207341132,0.387507293895357,0.307343910639362,0.251549084442469,0.690405401650504,0.25002083970102,0.0878879657673178,0.227013809775209,0.104643085387202,0.101531023368251,0.183778376726222,0.177165244935953,0.0306760399010809,NA,0.188113034538331,0.254299924977076
"19","19","3DD.003E270D4C",0.09067,"F","MA","Angel ","Control","Y","",12.06,28.47,31.56,55.4,68.1,25.03,99.47,129.94,108.71,90.93,199.64,251.61,343.82,340,92.5,29.09,64.39,32.65,30.11,58.58,58.01,8.34,3.47,60.47,80.19,"no","","no",1,0.035076493514048,0.0828049560816706,0.0917922168576581,0.161130824268513,0.198068756907684,0.0727997207841312,0.289308359025071,0.377930312372753,0.316182886394043,0.264469780699203,0.73180734105055,0.269036123553022,0.0846082252341341,0.187278226979233,0.0949624803676342,0.0875748938397999,0.170379849921471,0.168722005700657,0.0242568785992671,0.0100924902565296,0.175876912337851,0.233232505380722,0.035076493514048,0.0828049560816706,0.0917922168576581,0.161130824268513,0.198068756907684,0.0727997207841312,0.289308359025071,0.377930312372753,0.316182886394043,0.264469780699203,0.73180734105055,0.269036123553022,0.0846082252341341,0.187278226979233,0.0949624803676342,0.0875748938397999,0.170379849921471,0.168722005700657,0.0242568785992671,0.0100924902565296,0.175876912337851,0.233232505380722
"20","20","3DD.003E270D65",0.11094,"M","MA","Angel ","Control","Y","",13.54,35.83,38.5,68.34,89.45,32.23,121.48,141.36,137.14,103.64,240.78,303.09,410.42,390,118.38,38.51,96.23,34.27,38.71,70.03,80.2,NA,3.3,101,87.66,"yes","","no",0,0.0329905950002436,0.087300813800497,0.0938063447200429,0.166512353199162,0.217947468446957,0.0785293114370645,0.295989474197164,0.344427659470786,0.334145509478096,0.252521806929487,0.738487403147995,0.288436236050875,0.0938307100043857,0.234467131231421,0.0834998294430096,0.0943180156912431,0.170630086253107,0.195409580429804,NA,0.00804054383314653,0.24608937186297,0.213586082549583,0.0329905950002436,0.087300813800497,0.0938063447200429,0.166512353199162,0.217947468446957,0.0785293114370645,0.295989474197164,0.344427659470786,0.334145509478096,0.252521806929487,0.738487403147995,0.288436236050875,0.0938307100043857,0.234467131231421,0.0834998294430096,0.0943180156912431,0.170630086253107,0.195409580429804,NA,0.00804054383314653,0.24608937186297,0.213586082549583
"21","21","3DD.003E270D5C",0.105662,"F","MA","Angel ","Control","Y","",11.73,28.53,31.07,52.2,79.28,29.01,111.72,138.63,127.54,90.12,217.66,268,370.28,356,89.67,32.95,64.36,34.79,35.56,63.14,62.4,8,NA,68.72,90.1,"no","","no",1,0.0316787296100249,0.0770498001512369,0.0839094739116344,0.140974397753052,0.214108242411148,0.0783461164524144,0.30171761909906,0.374392351733823,0.344442043858702,0.243383385546073,0.723776601490764,0.242168089013719,0.088986712757913,0.173814410716215,0.09395592524576,0.0960354326455655,0.170519606784055,0.168521119153073,0.0216052716862915,NA,0.185589283785244,0.243329372366858,0.0316787296100249,0.0770498001512369,0.0839094739116344,0.140974397753052,0.214108242411148,0.0783461164524144,0.30171761909906,0.374392351733823,0.344442043858702,0.243383385546073,0.723776601490764,0.242168089013719,0.088986712757913,0.173814410716215,0.09395592524576,0.0960354326455655,0.170519606784055,0.168521119153073,0.0216052716862915,NA,0.185589283785244,0.243329372366858
"22","22","3DD.003E270D8E",0.102896,"F","MA","Angel ","Control","Y","",11.76,29.85,30.56,50.73,77.29,28.51,105.99,142.01,127.39,98.06,225.45,271.34,369.52,364,95.09,30.07,66.02,34.63,28.38,62.46,62.86,11.55,NA,62.2,87.5,"no","","no",1,0.0318250703615501,0.0807804719636285,0.0827018835245724,0.137286209136177,0.209163238796276,0.0771541459190301,0.286831565273869,0.384309374323447,0.344744533448798,0.265371292487551,0.734303961896514,0.25733383849318,0.0813758389261745,0.178664213033124,0.0937161723316735,0.0768023381684347,0.169030093093743,0.170112578480191,0.0312567655336653,NA,0.168326477592553,0.236793678285343,0.0318250703615501,0.0807804719636285,0.0827018835245724,0.137286209136177,0.209163238796276,0.0771541459190301,0.286831565273869,0.384309374323447,0.344744533448798,0.265371292487551,0.734303961896514,0.25733383849318,0.0813758389261745,0.178664213033124,0.0937161723316735,0.0768023381684347,0.169030093093743,0.170112578480191,0.0312567655336653,NA,0.168326477592553,0.236793678285343
"23","23","3DD.003E270D47",0.188144,"F","MA","Angel ","Control","Y","",12.14,24.65,31.62,48.92,70.1,25.23,93.53,138.85,104.06,92.19,196.25,246.09,342.76,343,89.17,29.11,56.38,33.55,30.48,54.61,53.67,7.91,NA,51.08,83.06,"no","","no",1,0.0354183685377524,0.0719162095927179,0.092251137822383,0.142723771735325,0.204516279612557,0.0736083557007819,0.272873147391761,0.40509394328393,0.303594351732991,0.268963706383475,0.717965923678376,0.260152876648384,0.0849282296650718,0.164488271676975,0.0978818998716303,0.0889251954720504,0.15932430855409,0.156581864861711,0.0230773719220446,NA,0.149025557241218,0.242326992647917,0.0354183685377524,0.0719162095927179,0.092251137822383,0.142723771735325,0.204516279612557,0.0736083557007819,0.272873147391761,0.40509394328393,0.303594351732991,0.268963706383475,0.717965923678376,0.260152876648384,0.0849282296650718,0.164488271676975,0.0978818998716303,0.0889251954720504,0.15932430855409,0.156581864861711,0.0230773719220446,NA,0.149025557241218,0.242326992647917
"24","24","3DD.003E270D59",0.105118,"M","MA","Angel ","Control","Y","",9.47,26.28,30.7,47.2,73.14,26.64,98.15,139.74,113.45,90,203.45,250.86,326.31,350,99.18,30,74.59,39.23,34.21,64.54,69.95,9.68,NA,71.88,85.03,"no","","no",0,0.0290214826392081,0.0805369127516779,0.0940823143636419,0.144647727620974,0.224142686402501,0.0816401581318378,0.300787594618614,0.428243081732095,0.347675523275413,0.275811345039993,0.768778155741473,0.303944102234072,0.0919371150133309,0.228586313628145,0.120223100732432,0.104838956820202,0.197787380098679,0.214366706506083,0.0296650424443014,NA,0.220281327571941,0.260580429652784,0.0290214826392081,0.0805369127516779,0.0940823143636419,0.144647727620974,0.224142686402501,0.0816401581318378,0.300787594618614,0.428243081732095,0.347675523275413,0.275811345039993,0.768778155741473,0.303944102234072,0.0919371150133309,0.228586313628145,0.120223100732432,0.104838956820202,0.197787380098679,0.214366706506083,0.0296650424443014,NA,0.220281327571941,0.260580429652784
"25","25","3DD.003E270D7B",0.100825,"F","MA","Angel ","Control","Y","",10.66,24.9,30.45,47.02,72.2,27.67,101.95,148.62,110.2,90.65,200.85,245.92,357.74,347,87.68,25.82,61,41.66,34.67,55.5,58.23,11.43,NA,66.49,93.96,"no","","no",1,0.0297981774473081,0.0696036227427741,0.0851176832336334,0.131436238609046,0.201822552691899,0.0773466763571309,0.284983507575334,0.41544138200928,0.30804494884553,0.253396321350702,0.687426622686867,0.245094202493431,0.0721753228601778,0.170514899088724,0.116453290098955,0.0969139598591156,0.155140604908593,0.162771845474367,0.0319505786325264,NA,0.185861240006709,0.262648851120926,0.0297981774473081,0.0696036227427741,0.0851176832336334,0.131436238609046,0.201822552691899,0.0773466763571309,0.284983507575334,0.41544138200928,0.30804494884553,0.253396321350702,0.687426622686867,0.245094202493431,0.0721753228601778,0.170514899088724,0.116453290098955,0.0969139598591156,0.155140604908593,0.162771845474367,0.0319505786325264,NA,0.185861240006709,0.262648851120926
"26","26","3DD.003E270D3F",0.103807,"M","MA","Angel ","Control","Y","",13.09,31.07,34.21,57.86,78.56,28.86,106.16,135.68,109.21,95,204.21,261.41,362.78,350,97.64,27.57,108.18,32.01,33.31,62.85,68.13,11.35,NA,103,82.07,"yes","","no",0,0.0360824742268041,0.0856441920723303,0.0942995755003032,0.159490600363857,0.216549975191576,0.0795523457742985,0.292629141628535,0.374000771817631,0.301036440818127,0.261866696069243,0.72057445283643,0.26914383372843,0.0759964716908319,0.298197254534429,0.0882352941176471,0.0918187331164893,0.173245493136336,0.187799768454711,0.0312861789514306,NA,0.283918628369811,0.22622526048845,0.0360824742268041,0.0856441920723303,0.0942995755003032,0.159490600363857,0.216549975191576,0.0795523457742985,0.292629141628535,0.374000771817631,0.301036440818127,0.261866696069243,0.72057445283643,0.26914383372843,0.0759964716908319,0.298197254534429,0.0882352941176471,0.0918187331164893,0.173245493136336,0.187799768454711,0.0312861789514306,NA,0.283918628369811,0.22622526048845
"27","27","3DD.003E270D85",0.101781,"F","MA","Angel ","Control","Y","",13.13,28.91,33.69,55.7,75.75,28.73,106.19,144.06,111.47,96.43,207.9,263.46,369.48,355,93.27,33.29,79.24,35.93,31.38,61.58,60.1,9.92,NA,79.53,86.94,"no","","no",1,0.0355364295767024,0.0782451012233409,0.0911822020136408,0.150752408790733,0.205017862942514,0.0777579300638735,0.287403919021327,0.389899317960377,0.30169427303237,0.26098841615243,0.713056187073725,0.252435855797337,0.0900995994370467,0.214463570423298,0.0972447764425679,0.0849301721338097,0.166666666666667,0.162661037133268,0.0268485438995345,NA,0.215248457291328,0.235303670022735,0.0355364295767024,0.0782451012233409,0.0911822020136408,0.150752408790733,0.205017862942514,0.0777579300638735,0.287403919021327,0.389899317960377,0.30169427303237,0.26098841615243,0.713056187073725,0.252435855797337,0.0900995994370467,0.214463570423298,0.0972447764425679,0.0849301721338097,0.166666666666667,0.162661037133268,0.0268485438995345,NA,0.215248457291328,0.235303670022735
"28","28","3DD.003E270D39",0.104979,"F","MA","Angel ","Control","Y","",10.81,27.09,36.43,55.43,79.47,29.98,110.55,137.63,115.16,95.96,211.12,266.87,374.8,364,97.2,31.2,75.61,38.6,32.4,62.58,63.08,8.5,NA,74.86,86.34,"no","","no",1,0.0288420490928495,0.0722785485592316,0.0971985058697972,0.147892209178228,0.212033084311633,0.0799893276414087,0.294957310565635,0.367209178228388,0.307257203842049,0.256029882604055,0.712033084311633,0.259338313767343,0.0832443970117396,0.201734258271078,0.10298826040555,0.0864461045891142,0.166969050160085,0.168303094983991,0.0226787620064034,NA,0.199733191035219,0.230362860192102,0.0288420490928495,0.0722785485592316,0.0971985058697972,0.147892209178228,0.212033084311633,0.0799893276414087,0.294957310565635,0.367209178228388,0.307257203842049,0.256029882604055,0.712033084311633,0.259338313767343,0.0832443970117396,0.201734258271078,0.10298826040555,0.0864461045891142,0.166969050160085,0.168303094983991,0.0226787620064034,NA,0.199733191035219,0.230362860192102
"29","29","3DD.003E270D72",0.104026,"F","MA","Angel ","Control","Y","",11.66,31.52,35.48,56.49,72.93,26.79,116.2,142.41,118.28,105.28,223.56,276,386.41,370,95.8,34.43,66.48,37.55,30.56,64.01,66.86,8.46,NA,66.5,85.56,"no","","no",1,0.0301752025051111,0.0815713879040397,0.0918195698869077,0.146191868740457,0.188737351517818,0.0693305038689475,0.300716855153852,0.368546362671773,0.306099738619601,0.272456716958671,0.714267229108977,0.247923190393623,0.0891022489066018,0.17204523692451,0.097176574105225,0.0790869801506172,0.165653062808934,0.173028648326907,0.0218938433270361,NA,0.172096995419373,0.221422841023783,0.0301752025051111,0.0815713879040397,0.0918195698869077,0.146191868740457,0.188737351517818,0.0693305038689475,0.300716855153852,0.368546362671773,0.306099738619601,0.272456716958671,0.714267229108977,0.247923190393623,0.0891022489066018,0.17204523692451,0.097176574105225,0.0790869801506172,0.165653062808934,0.173028648326907,0.0218938433270361,NA,0.172096995419373,0.221422841023783
"30","30","3DD.003E270DAE",0.093421,"F","MA","Belle","Treatment","N","",10.28,22.89,26.25,41.2,67.31,24.85,90.81,130.42,97.16,79.71,176.87,218.98,317.73,307,74.95,25.9,53.06,32.09,24.46,53.18,52.49,6.58,5.9,55.92,87.09,"no","","no",1,0.0323545148396437,0.0720423000660939,0.0826173165895572,0.129669845466276,0.211846536367356,0.0782110597047808,0.285808705504674,0.410474302080383,0.305794227803481,0.25087338306109,0.689201523305952,0.23589210965285,0.0815157523683631,0.166997135933025,0.100997702451767,0.0769836024297359,0.167374815094577,0.165203159915652,0.020709407358449,0.0185692254429862,0.175998489283354,0.274100651496554,0.0323545148396437,0.0720423000660939,0.0826173165895572,0.129669845466276,0.211846536367356,0.0782110597047808,0.285808705504674,0.410474302080383,0.305794227803481,0.25087338306109,0.689201523305952,0.23589210965285,0.0815157523683631,0.166997135933025,0.100997702451767,0.0769836024297359,0.167374815094577,0.165203159915652,0.020709407358449,0.0185692254429862,0.175998489283354,0.274100651496554
"31","31","3DD.003E270DAB",0.089959,"F","MA","Belle","Control","N","",12.69,26.09,26.1,48.49,67.25,25.66,94.06,118.67,100.94,73.16,174.1,219.87,317.46,305,79.79,26.01,57.32,32.04,29.78,54.55,54.22,7.33,4.15,57.14,76.42,"no","","no",1,0.03997353997354,0.0821835821835822,0.0822150822150822,0.152743652743653,0.211837711837712,0.0808290808290808,0.296289296289296,0.373810873810874,0.317961317961318,0.23045423045423,0.692591192591193,0.251338751338751,0.0819315819315819,0.180558180558181,0.100926100926101,0.0938070938070938,0.171832671832672,0.170793170793171,0.0230895230895231,0.0130725130725131,0.17999117999118,0.240723240723241,0.03997353997354,0.0821835821835822,0.0822150822150822,0.152743652743653,0.211837711837712,0.0808290808290808,0.296289296289296,0.373810873810874,0.317961317961318,0.23045423045423,0.692591192591193,0.251338751338751,0.0819315819315819,0.180558180558181,0.100926100926101,0.0938070938070938,0.171832671832672,0.170793170793171,0.0230895230895231,0.0130725130725131,0.17999117999118,0.240723240723241
"32","32","3DD.003E270DBA",0.089271,"M","MA","Belle","Control","N","",11.69,24.82,27.5,46.42,65.52,24.95,88.11,114.19,89.09,73.83,162.92,207.39,302.54,282,75.56,33.18,74.24,32.22,27.28,53.07,61.72,6.16,NA,78.12,73.04,"yes","","no",0,0.0386395187413235,0.0820387386791829,0.0908970714616249,0.153434256627223,0.216566404442388,0.0824684339260924,0.291234216963046,0.377437694189198,0.294473458055133,0.244033846764064,0.685496132742778,0.249752098896014,0.109671448403517,0.245389039465856,0.106498314272493,0.0901698948899319,0.17541482118067,0.204006081840418,0.020360944007404,NA,0.258213789912078,0.241422621802076,0.0386395187413235,0.0820387386791829,0.0908970714616249,0.153434256627223,0.216566404442388,0.0824684339260924,0.291234216963046,0.377437694189198,0.294473458055133,0.244033846764064,0.685496132742778,0.249752098896014,0.109671448403517,0.245389039465856,0.106498314272493,0.0901698948899319,0.17541482118067,0.204006081840418,0.020360944007404,NA,0.258213789912078,0.241422621802076
"33","33","3DD.003E270D95",0.072462,"M","MA","Belle","Control","N","",12.97,24.42,24.35,46.74,49.59,18.88,80.37,103.6,74.42,65.6,140.02,183.62,256,243,55.55,23.62,46.59,25.42,21.76,42.95,42.89,5.42,2.96,41.85,66.76,"no","","no",0,0.0506640625,0.095390625,0.0951171875,0.182578125,0.1937109375,0.07375,0.3139453125,0.4046875,0.290703125,0.25625,0.717265625,0.2169921875,0.092265625,0.1819921875,0.099296875,0.085,0.1677734375,0.1675390625,0.021171875,0.0115625,0.1634765625,0.26078125,0.0506640625,0.095390625,0.0951171875,0.182578125,0.1937109375,0.07375,0.3139453125,0.4046875,0.290703125,0.25625,0.717265625,0.2169921875,0.092265625,0.1819921875,0.099296875,0.085,0.1677734375,0.1675390625,0.021171875,0.0115625,0.1634765625,0.26078125
"34","34","3DD.003E270DD7",0.104979,"F","MA","Flat","Control","N","",9.35,26.24,32.96,49.57,67.5,26.49,100.18,137.55,105.09,94.7,199.79,249.98,358.98,357,94.18,30.68,70.62,36.64,33.64,65,63.54,7.54,4.74,70.29,89.79,"no","","no",1,0.0260460192768399,0.0730959942058053,0.0918157000389994,0.138085687224915,0.188032759485208,0.0737924118335283,0.279068471781158,0.383168978773191,0.292746113989637,0.26380299738147,0.696361914312775,0.262354448715806,0.0854643712741657,0.196724051479191,0.102066967519082,0.0937099559864059,0.181068583207978,0.177001504262076,0.0210039556521255,0.0132040782216279,0.195804780210597,0.25012535517299,0.0260460192768399,0.0730959942058053,0.0918157000389994,0.138085687224915,0.188032759485208,0.0737924118335283,0.279068471781158,0.383168978773191,0.292746113989637,0.26380299738147,0.696361914312775,0.262354448715806,0.0854643712741657,0.196724051479191,0.102066967519082,0.0937099559864059,0.181068583207978,0.177001504262076,0.0210039556521255,0.0132040782216279,0.195804780210597,0.25012535517299
"35","35","3DD.003E270DC9",0.060602,"F","MA?","Flat","Control","N","Borderline maturity, err on the side of immature but there did appear to be some eggs. ",10.42,18.97,18.06,33.88,41.58,15.76,67.88,85.88,66.84,56.5,123.34,155.93,220.19,227,50,24.47,24.05,19.94,17.68,34,30.83,5.21,2.93,19.45,54.45,"no","","no",1,0.0473227667014851,0.0861528679776557,0.0820200735728235,0.153867114764522,0.18883691357464,0.0715745492529179,0.308279213406603,0.390026795040647,0.303556019801081,0.256596575684636,0.708161133566465,0.22707661565012,0.111131295699169,0.109223852127708,0.090558154321268,0.0802942912938826,0.154412098642082,0.140015441209864,0.0236613833507425,0.0133066896770971,0.0883328034878968,0.247286434442981,0.0473227667014851,0.0861528679776557,0.0820200735728235,0.153867114764522,0.18883691357464,0.0715745492529179,0.308279213406603,0.390026795040647,0.303556019801081,0.256596575684636,0.708161133566465,0.22707661565012,0.111131295699169,0.109223852127708,0.090558154321268,0.0802942912938826,0.154412098642082,0.140015441209864,0.0236613833507425,0.0133066896770971,0.0883328034878968,0.247286434442981
"36","36","3DD.003E270DF1",0.069869,"F","MA","Flat","Control","N","",9.5,21.66,22.92,39.42,49.31,17.88,72.95,93.5,69,57,126,169.65,244.06,238,56.74,25,27.47,25.83,23.95,40.7,37.69,5.72,3.1,31.8,69,"no","","no",1,0.0389248545439646,0.0887486683602393,0.093911333278702,0.161517659591904,0.202040481848726,0.0732606736048513,0.298901909366549,0.383102515774809,0.28271736458248,0.233549127263788,0.69511595509301,0.232483815455216,0.102433827747275,0.112554289928706,0.105834630828485,0.0981316069818897,0.166762271572564,0.154429238711792,0.0234368597885766,0.0127017946406621,0.130295828894534,0.28271736458248,0.0389248545439646,0.0887486683602393,0.093911333278702,0.161517659591904,0.202040481848726,0.0732606736048513,0.298901909366549,0.383102515774809,0.28271736458248,0.233549127263788,0.69511595509301,0.232483815455216,0.102433827747275,0.112554289928706,0.105834630828485,0.0981316069818897,0.166762271572564,0.154429238711792,0.0234368597885766,0.0127017946406621,0.130295828894534,0.28271736458248
"37","37","3DD.003E270DC5",0.104076,"M","MA","Flat","Control","Y","",11.4,29.66,32.88,53.6,73.29,27.38,96.15,132.8,106.7,90.38,197.08,256.13,366.64,373,110.95,38,90.72,39.44,33.76,62.56,77.74,11,3.68,110.87,83.9,"yes","","no",0,0.0310931704123936,0.0808967924939996,0.0896792493999564,0.146192450360026,0.199896356098625,0.0746781584115208,0.262246345188741,0.362208160593498,0.291021165175649,0.246508837006328,0.698587169975998,0.302612917303077,0.103643901374645,0.247436177176522,0.107571459742527,0.092079423958106,0.170630591315732,0.212033602443814,0.030002181976871,0.0100370936068078,0.302394719615972,0.228834824350862,0.0310931704123936,0.0808967924939996,0.0896792493999564,0.146192450360026,0.199896356098625,0.0746781584115208,0.262246345188741,0.362208160593498,0.291021165175649,0.246508837006328,0.698587169975998,0.302612917303077,0.103643901374645,0.247436177176522,0.107571459742527,0.092079423958106,0.170630591315732,0.212033602443814,0.030002181976871,0.0100370936068078,0.302394719615972,0.228834824350862
"38","38","3DD.003E270DCE",0.066189,"F","MA?","Flat","Control","N","",9.57,18.62,19.89,35.56,46.66,17.74,66,90,64.92,60,124.92,162.47,233.12,232,61.3,20,32.99,20.8,21.45,37.92,37.63,5.18,3.38,31.22,56.89,"no","","no",1,0.0410518188057653,0.0798730267673301,0.0853208647906658,0.152539464653397,0.200154426904598,0.0760981468771448,0.283115991763898,0.386067261496225,0.278483184625944,0.257378174330817,0.696937199725463,0.262954701441318,0.0857927247769389,0.141515099519561,0.0892244337680165,0.092012697323267,0.162663006177076,0.161419011667811,0.0222203157172272,0.0144989704873027,0.133922443376802,0.244037405628003,0.0410518188057653,0.0798730267673301,0.0853208647906658,0.152539464653397,0.200154426904598,0.0760981468771448,0.283115991763898,0.386067261496225,0.278483184625944,0.257378174330817,0.696937199725463,0.262954701441318,0.0857927247769389,0.141515099519561,0.0892244337680165,0.092012697323267,0.162663006177076,0.161419011667811,0.0222203157172272,0.0144989704873027,0.133922443376802,0.244037405628003
"39","39","3DD.003E270DBF",0.064055,"F","IM","Flat","Control","N","Borderline maturity, err on the side of immature but there did appear to be some eggs. ",9.1,17.81,18.45,33,42.67,16,64.14,81.16,60.73,55.28,116.01,148.68,212.89,207,49.35,20.16,23,21.87,18.74,32.78,33.57,5.62,3.9,19.63,51.91,"no","","no",1,0.0427450796185824,0.0836582272535112,0.0866644746113016,0.155009629386068,0.200432148057682,0.0751561839447602,0.301282352388557,0.381229743059796,0.28526469068533,0.259664615529147,0.698388839306684,0.23180985485462,0.0946967917703979,0.108037014420593,0.102729108929494,0.0880266804453004,0.153976231856827,0.1576870684391,0.026398609610597,0.0183193198365353,0.0922072431772277,0.243834844285781,0.0427450796185824,0.0836582272535112,0.0866644746113016,0.155009629386068,0.200432148057682,0.0751561839447602,0.301282352388557,0.381229743059796,0.28526469068533,0.259664615529147,0.698388839306684,0.23180985485462,0.0946967917703979,0.108037014420593,0.102729108929494,0.0880266804453004,0.153976231856827,0.1576870684391,0.026398609610597,0.0183193198365353,0.0922072431772277,0.243834844285781
"40","40","3DD.003E270DF3",0.073872,"F","IM","Flat","Control","N","Borderline maturity, err on the side of immature but there did appear to be some eggs. ",9.9,19.06,19.58,35.09,47.79,19.22,73.89,101.69,76.03,63.46,139.49,173.46,254.12,245,59.6,24.33,30.58,27.24,25.72,41.68,38.75,5.86,3.01,30,62.17,"no","","no",1,0.0389579726113647,0.0750039351487486,0.0770502124980324,0.13808436958917,0.188060758696679,0.0756335589485282,0.290768141035731,0.400165276247442,0.299189359357784,0.249724539587596,0.682590901936093,0.234534865417913,0.0957421690539902,0.120336848732882,0.107193451912482,0.101212025814576,0.164016999842594,0.15248701400913,0.023059971666929,0.0118447977333543,0.118054462458681,0.244648197701873,0.0389579726113647,0.0750039351487486,0.0770502124980324,0.13808436958917,0.188060758696679,0.0756335589485282,0.290768141035731,0.400165276247442,0.299189359357784,0.249724539587596,0.682590901936093,0.234534865417913,0.0957421690539902,0.120336848732882,0.107193451912482,0.101212025814576,0.164016999842594,0.15248701400913,0.023059971666929,0.0118447977333543,0.118054462458681,0.244648197701873
"41","41","3DD.003E270DE3",0.063662,"F","IM","Flat","Control","N","Borderline maturity, err on the side of immature but there did appear to be some eggs. ",9.48,18.68,18.27,33.71,45.76,17.58,63.46,91.88,62.27,59.97,122.24,155.53,228.73,221,55.65,17.39,32.89,23.9,20.46,35.11,35.11,4.5,2.72,29.42,61.18,"no","","no",1,0.0414462466663752,0.08166834258733,0.0798758361386788,0.147379005814716,0.200061207537271,0.0768591789446072,0.27744502251563,0.401696323175797,0.272242381847593,0.262186857867355,0.679972019411533,0.243299960652297,0.0760285052245005,0.143793992917414,0.104490010055524,0.0894504437546452,0.153499759541818,0.153499759541818,0.0196738512656844,0.0118917500983693,0.128623267608097,0.26747693787435,0.0414462466663752,0.08166834258733,0.0798758361386788,0.147379005814716,0.200061207537271,0.0768591789446072,0.27744502251563,0.401696323175797,0.272242381847593,0.262186857867355,0.679972019411533,0.243299960652297,0.0760285052245005,0.143793992917414,0.104490010055524,0.0894504437546452,0.153499759541818,0.153499759541818,0.0196738512656844,0.0118917500983693,0.128623267608097,0.26747693787435
"42","42","3DD.003E270DBO",0.116248,"F","IM","Flat","Control","N","Definitley immature",8.02,15.58,18.6,31.04,42.43,15.93,63.84,82.32,63.3,55.8,119.1,151.17,216.69,210,51.59,17.94,30.6,19.91,20.79,35.62,34.27,4.5,2.34,26.1,51.32,"no","","no",1,0.0370113987724399,0.0718999492362361,0.0858369098712446,0.143246111957174,0.195809682034242,0.0735151599058563,0.294614426138724,0.37989754949467,0.292122386819881,0.257510729613734,0.697632562647099,0.238082052702017,0.0827910840371037,0.14121556140108,0.0918824126632516,0.0959435137754396,0.164382297291061,0.158152198993955,0.0207669943236882,0.0107988370483179,0.120448567077392,0.236836033042595,0.0370113987724399,0.0718999492362361,0.0858369098712446,0.143246111957174,0.195809682034242,0.0735151599058563,0.294614426138724,0.37989754949467,0.292122386819881,0.257510729613734,0.697632562647099,0.238082052702017,0.0827910840371037,0.14121556140108,0.0918824126632516,0.0959435137754396,0.164382297291061,0.158152198993955,0.0207669943236882,0.0107988370483179,0.120448567077392,0.236836033042595
"43","43","3DD.003E270DC8",0.085271,"F","MA","Flat","Control","Y","",9.74,24.92,25.16,42.04,56.72,22.72,88.52,122.44,91.75,74.79,166.54,210.31,305.16,302,74.85,26.22,48.83,28.6,29.01,47.37,45.97,10.93,NA,43.69,74.6,"no","","no",1,0.0319176825271988,0.0816620789094246,0.0824485515794993,0.137763796041421,0.185869707694324,0.0744527461004063,0.290077336479224,0.40123214051645,0.300661947830646,0.245084545812033,0.689179446847555,0.245281163979552,0.0859221392056626,0.160014418665618,0.0937213265172369,0.0950648839952812,0.155230043255997,0.150642286013894,0.035817276182986,NA,0.143170795648185,0.24446192161489,0.0319176825271988,0.0816620789094246,0.0824485515794993,0.137763796041421,0.185869707694324,0.0744527461004063,0.290077336479224,0.40123214051645,0.300661947830646,0.245084545812033,0.689179446847555,0.245281163979552,0.0859221392056626,0.160014418665618,0.0937213265172369,0.0950648839952812,0.155230043255997,0.150642286013894,0.035817276182986,NA,0.143170795648185,0.24446192161489
"44","44","3DD.003E270DE4",0.05838,"M","IM","Flat","Control","N","Definitley immature",8.03,16.02,16.89,30.31,37.26,15.44,61.36,85.12,64,54.39,118.39,146.15,210.95,207,46.24,22.72,26.15,20.22,19.68,33.54,32.31,4.85,2.81,23.96,53.38,"no","","no",0,0.038065892391562,0.0759421663901398,0.0800663664375444,0.143683337283717,0.176629533064707,0.0731926996918701,0.290874614837639,0.403507940270206,0.303389428774591,0.257833609860156,0.692818203365727,0.219198862289642,0.10770324721498,0.123963024413368,0.0958520976534724,0.0932922493481868,0.158995022517184,0.153164256932923,0.0229912301493245,0.0133206921071344,0.113581417397488,0.253045745437307,0.038065892391562,0.0759421663901398,0.0800663664375444,0.143683337283717,0.176629533064707,0.0731926996918701,0.290874614837639,0.403507940270206,0.303389428774591,0.257833609860156,0.692818203365727,0.219198862289642,0.10770324721498,0.123963024413368,0.0958520976534724,0.0932922493481868,0.158995022517184,0.153164256932923,0.0229912301493245,0.0133206921071344,0.113581417397488,0.253045745437307
"45","45","3DD.003E270DE2",0.070249,"F","IM","Flat","Treatment","N","Definitley immature",9.13,17.65,18.74,29.44,52.17,19.91,61.2,95.82,67.91,62.28,130.19,162.19,240.17,232,60.96,26.84,38.71,24.6,22.36,40.1,39.78,5.65,3.99,39.83,63.71,"no","","no",1,0.0380147395594787,0.0734896115251697,0.0780280634550527,0.12257983928051,0.217221135029354,0.0828996127742849,0.254819502852146,0.398967398093017,0.282758046383811,0.259316317608361,0.675313319731857,0.253820210684099,0.11175417412666,0.161177499271349,0.102427447224882,0.0931007203231045,0.166965066411292,0.165632676853895,0.023525003122788,0.0166132322937919,0.165840862722238,0.265270433442978,0.0380147395594787,0.0734896115251697,0.0780280634550527,0.12257983928051,0.217221135029354,0.0828996127742849,0.254819502852146,0.398967398093017,0.282758046383811,0.259316317608361,0.675313319731857,0.253820210684099,0.11175417412666,0.161177499271349,0.102427447224882,0.0931007203231045,0.166965066411292,0.165632676853895,0.023525003122788,0.0166132322937919,0.165840862722238,0.265270433442978
"46","46","3DD.003E270D45",0.093311,"F","MA","Flat","Treatment","Y","",11.2,26.32,24.55,44.14,62.89,23.52,91.36,139.09,103.39,84.01,187.4,227.71,316.72,308,78.71,30.13,61.97,27.61,31.98,52.27,54.45,9.5,NA,62.19,77.78,"no","","no",1,0.0353624652690073,0.0831017933821672,0.0775132609244759,0.139366001515534,0.198566557211417,0.0742611770649154,0.288456680980045,0.439157615559485,0.326439757514524,0.265250063147259,0.718963122000505,0.24851603940389,0.0951313462995706,0.195661783278606,0.0871747916140439,0.100972467794898,0.165035362465269,0.171918413740844,0.0299949482192473,NA,0.196356403132104,0.245579691841374,0.0353624652690073,0.0831017933821672,0.0775132609244759,0.139366001515534,0.198566557211417,0.0742611770649154,0.288456680980045,0.439157615559485,0.326439757514524,0.265250063147259,0.718963122000505,0.24851603940389,0.0951313462995706,0.195661783278606,0.0871747916140439,0.100972467794898,0.165035362465269,0.171918413740844,0.0299949482192473,NA,0.196356403132104,0.245579691841374
"47","47","3DD.003E270DAF",0.068453,"F","IM","Flat","Treatment","N","Definitley immature",7.79,18.96,21.23,33.82,55.61,19.86,68.73,95.08,74.18,62.43,136.61,167.87,244.93,239,59.37,22.04,37.05,21.9,25.92,40.74,41.31,5.66,2.84,36.7,60.86,"no","","no",1,0.0318050055117789,0.0774098722083861,0.0866778263177234,0.138080267831625,0.22704446168293,0.0810843914587841,0.2806107867554,0.388192544808721,0.302862042216143,0.254889152002613,0.685379496182583,0.24239578655126,0.0899848936430817,0.151267709141387,0.0894133017596864,0.105826154411465,0.166333238068019,0.168660433593272,0.0231086432858368,0.0115951496345895,0.149838729432899,0.248479157310252,0.0318050055117789,0.0774098722083861,0.0866778263177234,0.138080267831625,0.22704446168293,0.0810843914587841,0.2806107867554,0.388192544808721,0.302862042216143,0.254889152002613,0.685379496182583,0.24239578655126,0.0899848936430817,0.151267709141387,0.0894133017596864,0.105826154411465,0.166333238068019,0.168660433593272,0.0231086432858368,0.0115951496345895,0.149838729432899,0.248479157310252
"48","090120_1521","",0.102,"F","MA","","","","",12.65,25.34,32.23,50.93,74.74,25.9,101.94,123.65,111.22,82.57,193.79,243.91,337.63,350,91.24,41.17,65.43,32.33,38.01,65.26,56.69,6.17,4.39,66.39,72.25,"no","nk","no",1,0.0374670497289933,0.0750525723425051,0.0954595267008263,0.150845600213251,0.221366584722922,0.0767111927257649,0.301928146195539,0.366229304267986,0.329413855403844,0.244557651867429,0.722418031573024,0.270236649586826,0.121938216390724,0.193792020851228,0.0957557089121227,0.112578858513758,0.193288511092024,0.167905695583923,0.0182744424369872,0.0130023990759115,0.196635370079673,0.213991647661641,0.0374670497289933,0.0750525723425051,0.0954595267008263,0.150845600213251,0.221366584722922,0.0767111927257649,0.301928146195539,0.366229304267986,0.329413855403844,0.244557651867429,0.722418031573024,0.270236649586826,0.121938216390724,0.193792020851228,0.0957557089121227,0.112578858513758,0.193288511092024,0.167905695583923,0.0182744424369872,0.0130023990759115,0.196635370079673,0.213991647661641
"49","090120_1529","",0.111,"M","MA","","","","Anal fin has tag hiding anterior anal fin",14.65,29.54,33.79,56.64,78.29,24.65,103.48,118.33,116.38,99.69,216.07,266.78,353.63,373,104.5,30,77.54,NA,27.22,62.54,50.1,6.45,3.65,81.94,74.5,"yes","nk","yes guessed on anal fin",0,0.0414274807001668,0.083533636852077,0.0955518479766988,0.16016740661143,0.221389587987445,0.0697056245228063,0.292622232276673,0.334615275853293,0.329101037807878,0.281904815767893,0.754404320900376,0.295506602946583,0.0848344314679184,0.219268727200747,NA,0.0769731074852247,0.176851511466787,0.141673500551424,0.0182394027656025,0.0103215224952634,0.231711110482708,0.210672171478664,0.0414274807001668,0.083533636852077,0.0955518479766988,0.16016740661143,0.221389587987445,0.0697056245228063,0.292622232276673,0.334615275853293,0.329101037807878,0.281904815767893,0.754404320900376,0.295506602946583,0.0848344314679184,0.219268727200747,NA,0.0769731074852247,0.176851511466787,0.141673500551424,0.0182394027656025,0.0103215224952634,0.231711110482708,0.210672171478664
"50","090120_1530","",0.1063,"F","MA","","","","Anal fin has tag blocking fin length and caudal minimum",13.44,29.31,32.71,58.26,69.9,24.72,104.63,110.29,107.08,78.37,185.45,242.37,326.45,335,86.98,27.51,58.52,32.76,27.03,59.06,58.05,7.1,4.36,66.76,69.09,"no","nk","no",1,0.0411701638842089,0.0897840404349824,0.10019911165569,0.178465308623066,0.214121611272783,0.0757236942870271,0.32050850053607,0.337846530862307,0.328013478327462,0.24006739163731,0.742441415224384,0.266442027875632,0.0842701792004901,0.179261755245826,0.100352274467759,0.0827998162046255,0.180915913616174,0.177822024812376,0.0217491193138306,0.0133557972124368,0.204502986674835,0.211640373717261,0.0411701638842089,0.0897840404349824,0.10019911165569,0.178465308623066,0.214121611272783,0.0757236942870271,0.32050850053607,0.337846530862307,0.328013478327462,0.24006739163731,0.742441415224384,0.266442027875632,0.0842701792004901,0.179261755245826,0.100352274467759,0.0827998162046255,0.180915913616174,0.177822024812376,0.0217491193138306,0.0133557972124368,0.204502986674835,0.211640373717261
"51","090120_1546","",0.114912,"M","","","","","",11.03,24.48,28.5,49.3,64.71,23.8,94.25,120.52,95.61,78.03,173.64,222.13,320,315.97,78.28,21.44,69.17,30.53,33.41,54.6,53.93,6.32,4.63,67.2,75.57,"no","nk","no",0,0.03446875,0.0765,0.0890625,0.1540625,0.20221875,0.074375,0.29453125,0.376625,0.29878125,0.24384375,0.69415625,0.244625,0.067,0.21615625,0.09540625,0.10440625,0.170625,0.16853125,0.01975,0.01446875,0.21,0.23615625,0.03446875,0.0765,0.0890625,0.1540625,0.20221875,0.074375,0.29453125,0.376625,0.29878125,0.24384375,0.69415625,0.244625,0.067,0.21615625,0.09540625,0.10440625,0.170625,0.16853125,0.01975,0.01446875,0.21,0.23615625
"52","090120_1558","",0.0943,"M","MA","","","","Dorsal fin against body of fish, hard to see",10.84,24.91,26.12,42.93,59.61,22.96,85.08,116.46,87.12,73.98,161.1,202.92,289.06,288,66.01,23.96,61.05,28.9,24.96,52.05,51.63,6.04,3.17,65.4,73.4,"no","nk","no",0,0.0375008648723448,0.0861758804400471,0.0903618625890819,0.148515879056251,0.206220161904103,0.0794298761502802,0.294333356396596,0.402892133121151,0.301390714730506,0.255933024285615,0.701999584861274,0.228360893932056,0.0828893655296478,0.211201826610392,0.0999792430637238,0.0863488549090154,0.180066422196084,0.178613436656749,0.0208953158513803,0.0109665813325953,0.226250605410641,0.253926520445582,0.0375008648723448,0.0861758804400471,0.0903618625890819,0.148515879056251,0.206220161904103,0.0794298761502802,0.294333356396596,0.402892133121151,0.301390714730506,0.255933024285615,0.701999584861274,0.228360893932056,0.0828893655296478,0.211201826610392,0.0999792430637238,0.0863488549090154,0.180066422196084,0.178613436656749,0.0208953158513803,0.0109665813325953,0.226250605410641,0.253926520445582
"53","090120_1606","",0.1134,"F","MA","","","","",13.72,29.21,28.38,48.38,68.57,25.02,96.3,130.01,103.19,89.29,192.48,241.09,339.64,345,88.3,25.82,56.63,32.63,28.5,57.23,49.88,7.45,6.74,53.22,79.5,"no","nk","no",1,0.0403957131079967,0.0860028265222,0.0835590625368037,0.14244494170298,0.201890236721234,0.0736662348368861,0.283535508185137,0.382787657519727,0.303821693557885,0.262896007537393,0.709839830408668,0.259981156518667,0.0760216700035332,0.166735366859027,0.0960723118596161,0.0839123778118007,0.168501943234012,0.146861382640443,0.0219349899894005,0.0198445412790013,0.156695324461194,0.234071369685549,0.0403957131079967,0.0860028265222,0.0835590625368037,0.14244494170298,0.201890236721234,0.0736662348368861,0.283535508185137,0.382787657519727,0.303821693557885,0.262896007537393,0.709839830408668,0.259981156518667,0.0760216700035332,0.166735366859027,0.0960723118596161,0.0839123778118007,0.168501943234012,0.146861382640443,0.0219349899894005,0.0198445412790013,0.156695324461194,0.234071369685549
"54","090120_1614","",0.1087,"M","MA","","","","Anterior anal fin covered by paper",14.02,24.45,29.02,50.59,68.01,24.13,89.22,120.19,90.47,89.52,179.99,229.18,312.82,315,80.48,24.12,90.6,21.43,24.58,59.05,69.05,4.98,5.06,86.05,79.5,"yes","nk","no",0,0.0448181062591906,0.0781599641966626,0.0927690045393517,0.161722396266223,0.217409372802251,0.0771370117000192,0.285211942970398,0.384214564286171,0.289207851160412,0.286170960936002,0.732625791189822,0.257272552905824,0.0771050444344991,0.289623425612173,0.0685058500095902,0.078575538648424,0.188766702896234,0.220733968416342,0.0159196982290135,0.0161754363531743,0.275078319800524,0.254139760884854,0.0448181062591906,0.0781599641966626,0.0927690045393517,0.161722396266223,0.217409372802251,0.0771370117000192,0.285211942970398,0.384214564286171,0.289207851160412,0.286170960936002,0.732625791189822,0.257272552905824,0.0771050444344991,0.289623425612173,0.0685058500095902,0.078575538648424,0.188766702896234,0.220733968416342,0.0159196982290135,0.0161754363531743,0.275078319800524,0.254139760884854
"55","090120_1623","",0.0943,"F","MA","","","","pelvic fin hid",11.32,24.63,24.26,40.64,61.94,22.44,81.14,112.79,89.38,74.24,163.62,205.71,295.29,298,78.16,23.97,66.28,30.62,24.46,49.1,42.01,6.57,3.68,62.94,67.85,"no","nk","yes",1,0.0383351959091063,0.0834095296149548,0.0821565240949575,0.137627417115378,0.209759897050357,0.075993091537133,0.274780724034,0.38196349351485,0.302685495614481,0.251413864336754,0.69663720410444,0.264688949845914,0.081174438687392,0.224457313149785,0.103694673033289,0.0828338243760371,0.166277219005046,0.142266924040773,0.0222493142334654,0.0124623251718649,0.213146398455755,0.22977412035626,0.0383351959091063,0.0834095296149548,0.0821565240949575,0.137627417115378,0.209759897050357,0.075993091537133,0.274780724034,0.38196349351485,0.302685495614481,0.251413864336754,0.69663720410444,0.264688949845914,0.081174438687392,0.224457313149785,0.103694673033289,0.0828338243760371,0.166277219005046,0.142266924040773,0.0222493142334654,0.0124623251718649,0.213146398455755,0.22977412035626
"56","090120_1633","",0.111,"M","MA","","","","pelvic fin tip hidden",13.5,30.54,29.24,42.79,69.18,23.92,93.36,120.26,97.63,76.08,173.71,225.25,326.72,331,86.12,27.17,93.08,35.67,31.2,62.35,50,5.81,3.92,96.3,73.6,"yes","nk","yes",0,0.0413197845249755,0.0934745347698335,0.0894955925563173,0.130968413320274,0.211740940254652,0.0732125367286974,0.285749265426053,0.368082761998041,0.298818560235064,0.232859941234084,0.689428256611165,0.263589618021548,0.0831598922624878,0.284892262487757,0.109176052889324,0.0954946131243878,0.190836190009794,0.153036238981391,0.0177828109696376,0.011998041136141,0.294747796278159,0.225269343780607,0.0413197845249755,0.0934745347698335,0.0894955925563173,0.130968413320274,0.211740940254652,0.0732125367286974,0.285749265426053,0.368082761998041,0.298818560235064,0.232859941234084,0.689428256611165,0.263589618021548,0.0831598922624878,0.284892262487757,0.109176052889324,0.0954946131243878,0.190836190009794,0.153036238981391,0.0177828109696376,0.011998041136141,0.294747796278159,0.225269343780607
"57","090120_1635","",0.07812,"M","MA","","","","",9.22,23.05,20.55,36.8,47.79,23.85,70.31,96.4,66.55,64.84,131.39,168.58,240.3,235,59.83,19.74,36.66,23.83,17.96,39.19,37.99,5.07,3.9,35.5,58.7,"no","nk","no",0,0.0383687057844361,0.0959217644610903,0.085518102372035,0.153141905950895,0.198876404494382,0.099250936329588,0.292592592592593,0.401165210153974,0.276945484810653,0.26982937994174,0.70153974198918,0.248980441115273,0.082147315855181,0.152559300873908,0.0991677070328756,0.0747399084477736,0.163087806908032,0.158094049105285,0.0210986267166042,0.0162297128589263,0.147732001664586,0.24427798585102,0.0383687057844361,0.0959217644610903,0.085518102372035,0.153141905950895,0.198876404494382,0.099250936329588,0.292592592592593,0.401165210153974,0.276945484810653,0.26982937994174,0.70153974198918,0.248980441115273,0.082147315855181,0.152559300873908,0.0991677070328756,0.0747399084477736,0.163087806908032,0.158094049105285,0.0210986267166042,0.0162297128589263,0.147732001664586,0.24427798585102
"58","090120_1636","",0.077482,"F","IM","","","","pelvic fin tip covered?",9.3,23.25,21.15,36.57,48.52,18.23,66.33,100.5,70.59,58.97,129.56,166.28,236.82,231,58.62,19.17,46.09,24.85,20.84,39.68,36.73,6.13,4,44.3,61.85,"no","nk","no",1,0.0392703318976438,0.0981758297441094,0.0893083354446415,0.154421079300735,0.20488134448104,0.076978295752048,0.280086141373195,0.424372941474538,0.298074486952116,0.249007685161726,0.702136643864538,0.247529769445148,0.0809475551051432,0.194620386791656,0.104932015877037,0.0879993243813867,0.167553416096613,0.155096697914028,0.0258846381217803,0.0168904653323199,0.187061903555443,0.261168820200997,0.0392703318976438,0.0981758297441094,0.0893083354446415,0.154421079300735,0.20488134448104,0.076978295752048,0.280086141373195,0.424372941474538,0.298074486952116,0.249007685161726,0.702136643864538,0.247529769445148,0.0809475551051432,0.194620386791656,0.104932015877037,0.0879993243813867,0.167553416096613,0.155096697914028,0.0258846381217803,0.0168904653323199,0.187061903555443,0.261168820200997
"59","090120_1638","",0.09253,"M","MA","","","","pelvic fin hard to tell",9.81,22.78,28.96,43.4,74.04,23.36,89.22,135.56,108.18,80.5,188.68,228.64,332,330,85.7,19.55,87.53,38.53,28.96,59.46,52.69,6.18,5.14,78,88,"no","nk","no",0,0.0295481927710843,0.0686144578313253,0.0872289156626506,0.130722891566265,0.223012048192771,0.0703614457831325,0.268734939759036,0.408313253012048,0.325843373493976,0.242469879518072,0.688674698795181,0.258132530120482,0.0588855421686747,0.263644578313253,0.11605421686747,0.0872289156626506,0.179096385542169,0.158704819277108,0.0186144578313253,0.0154819277108434,0.234939759036145,0.265060240963855,0.0295481927710843,0.0686144578313253,0.0872289156626506,0.130722891566265,0.223012048192771,0.0703614457831325,0.268734939759036,0.408313253012048,0.325843373493976,0.242469879518072,0.688674698795181,0.258132530120482,0.0588855421686747,0.263644578313253,0.11605421686747,0.0872289156626506,0.179096385542169,0.158704819277108,0.0186144578313253,0.0154819277108434,0.234939759036145,0.265060240963855
"60","090120_1640","",0.08332,"M","MA","","","","pelvic fin hidden",11.4,26.67,28,48.34,64.49,22.66,85.65,104.52,89.83,73.2,163.03,204.35,282,280,73.27,24.35,75.2,31.23,24.91,59.96,41.55,5,4.77,73.68,62.36,"yes","nk","yes",0,0.0404255319148936,0.0945744680851064,0.099290780141844,0.171418439716312,0.228687943262411,0.080354609929078,0.303723404255319,0.37063829787234,0.31854609929078,0.259574468085106,0.724645390070922,0.259822695035461,0.0863475177304965,0.266666666666667,0.110744680851064,0.0883333333333333,0.212624113475177,0.147340425531915,0.0177304964539007,0.0169148936170213,0.261276595744681,0.22113475177305,0.0404255319148936,0.0945744680851064,0.099290780141844,0.171418439716312,0.228687943262411,0.080354609929078,0.303723404255319,0.37063829787234,0.31854609929078,0.259574468085106,0.724645390070922,0.259822695035461,0.0863475177304965,0.266666666666667,0.110744680851064,0.0883333333333333,0.212624113475177,0.147340425531915,0.0177304964539007,0.0169148936170213,0.261276595744681,0.22113475177305
"61","090120_1641","",0.0847,"F","MA","","","","pelvic fin hidden",10.33,20.42,24.25,39.86,59.31,21.86,81.82,110.28,94.44,68.78,163.22,200.9,288,291,75.74,27.74,60.23,30.78,32.51,50.02,40.91,7.53,NA,64.69,66.24,"no","nk","no",1,0.0358680555555556,0.0709027777777778,0.0842013888888889,0.138402777777778,0.2059375,0.0759027777777778,0.284097222222222,0.382916666666667,0.327916666666667,0.238819444444444,0.697569444444444,0.262986111111111,0.0963194444444444,0.209131944444444,0.106875,0.112881944444444,0.173680555555556,0.142048611111111,0.0261458333333333,NA,0.224618055555556,0.23,0.0358680555555556,0.0709027777777778,0.0842013888888889,0.138402777777778,0.2059375,0.0759027777777778,0.284097222222222,0.382916666666667,0.327916666666667,0.238819444444444,0.697569444444444,0.262986111111111,0.0963194444444444,0.209131944444444,0.106875,0.112881944444444,0.173680555555556,0.142048611111111,0.0261458333333333,NA,0.224618055555556,0.23
"62","090120_1643","",0.0757,"M","IM","","","","pelvic fin hidden and dorsal fin end is laying down on body",9.67,20.22,20.22,35.52,44.3,16.86,66.19,83.61,69.44,52.48,121.92,156.76,220.14,217,55.36,19.67,32.6,21.38,19.41,38.18,33.96,4.81,3.2,31.25,51.6,"no","nk","no",0,0.04392659216862,0.091850640501499,0.091850640501499,0.161351866993731,0.201235577359862,0.0765876260561461,0.300672299445807,0.379803761242845,0.315435631870628,0.23839374943218,0.712092304896884,0.251476333242482,0.0893522303988371,0.148087580630508,0.0971200145362042,0.0881711638048515,0.173435086762969,0.154265467429817,0.0218497319887344,0.0145362042336695,0.141955119469429,0.23439629326792,0.04392659216862,0.091850640501499,0.091850640501499,0.161351866993731,0.201235577359862,0.0765876260561461,0.300672299445807,0.379803761242845,0.315435631870628,0.23839374943218,0.712092304896884,0.251476333242482,0.0893522303988371,0.148087580630508,0.0971200145362042,0.0881711638048515,0.173435086762969,0.154265467429817,0.0218497319887344,0.0145362042336695,0.141955119469429,0.23439629326792
"63","090120_1644","",0.09427,"M","MA","","","","",11.03,23.2,30.83,46.2,70.8,25.32,90.22,134.86,102.76,87.41,190.17,239.64,344,334,97.62,22.43,90.05,39.28,31.57,61.93,56.01,5.86,5.13,84.42,83.21,"yes","nk","no",0,0.0320639534883721,0.0674418604651163,0.0896220930232558,0.134302325581395,0.205813953488372,0.0736046511627907,0.262267441860465,0.39203488372093,0.298720930232558,0.254098837209302,0.696627906976744,0.283779069767442,0.065203488372093,0.261773255813953,0.114186046511628,0.0917732558139535,0.180029069767442,0.16281976744186,0.0170348837209302,0.0149127906976744,0.245406976744186,0.241889534883721,0.0320639534883721,0.0674418604651163,0.0896220930232558,0.134302325581395,0.205813953488372,0.0736046511627907,0.262267441860465,0.39203488372093,0.298720930232558,0.254098837209302,0.696627906976744,0.283779069767442,0.065203488372093,0.261773255813953,0.114186046511628,0.0917732558139535,0.180029069767442,0.16281976744186,0.0170348837209302,0.0149127906976744,0.245406976744186,0.241889534883721
"64","091020_1624","",0.09998,"M","MA","","","","",11.1,25.9,30.61,49.61,66.11,24.51,89.4,127.72,100.08,86,186.08,232.88,327,323,88.27,25,75.68,34.55,27.27,54.49,58.69,6.84,6.14,74.4,76.65,"no","no","no",0,0.0339449541284404,0.0792048929663609,0.0936085626911315,0.1517125382263,0.20217125382263,0.074954128440367,0.273394495412844,0.390581039755352,0.30605504587156,0.262996941896024,0.71217125382263,0.269938837920489,0.0764525993883792,0.231437308868502,0.10565749235474,0.083394495412844,0.166636085626911,0.179480122324159,0.0209174311926606,0.0187767584097859,0.227522935779817,0.234403669724771,0.0339449541284404,0.0792048929663609,0.0936085626911315,0.1517125382263,0.20217125382263,0.074954128440367,0.273394495412844,0.390581039755352,0.30605504587156,0.262996941896024,0.71217125382263,0.269938837920489,0.0764525993883792,0.231437308868502,0.10565749235474,0.083394495412844,0.166636085626911,0.179480122324159,0.0209174311926606,0.0187767584097859,0.227522935779817,0.234403669724771
"65","091020_1634","",0.086156,"F","MA","","","","",12.07,21.72,26.62,42.91,65.64,24.04,84.62,117.27,97.54,80.58,178.12,219.79,304,300,87,19.86,71.01,32.66,30.01,55.1,50.37,4.28,4.29,71.98,69.73,"yes","yes","no",1,0.0397039473684211,0.0714473684210526,0.0875657894736842,0.141151315789474,0.215921052631579,0.0790789473684211,0.278355263157895,0.385756578947368,0.320855263157895,0.265065789473684,0.722993421052632,0.286184210526316,0.0653289473684211,0.233585526315789,0.107434210526316,0.0987171052631579,0.18125,0.165690789473684,0.0140789473684211,0.0141118421052632,0.236776315789474,0.229375,0.0397039473684211,0.0714473684210526,0.0875657894736842,0.141151315789474,0.215921052631579,0.0790789473684211,0.278355263157895,0.385756578947368,0.320855263157895,0.265065789473684,0.722993421052632,0.286184210526316,0.0653289473684211,0.233585526315789,0.107434210526316,0.0987171052631579,0.18125,0.165690789473684,0.0140789473684211,0.0141118421052632,0.236776315789474,0.229375
"66","091020_1643","",0.081923,"M","MA","","","","",11.47,20.24,24.25,41.65,57.35,20.55,82.1,107.16,86.27,69.07,155.34,198.91,280.02,290,71.38,20.47,59.47,25.83,23.79,48.71,45.43,6.34,4.85,47.3,70,"no","no","no",0,0.0409613599028641,0.0722805513891865,0.0866009570744947,0.148739375758874,0.20480679951432,0.073387615170345,0.293193343332619,0.382686950932076,0.308085136775945,0.246660952789086,0.710342118420113,0.254910363545461,0.0731019212913363,0.212377687308049,0.0922434111849154,0.084958217270195,0.173951860581387,0.162238411542033,0.0226412399114349,0.0173201914148989,0.16891650596386,0.249982144132562,0.0409613599028641,0.0722805513891865,0.0866009570744947,0.148739375758874,0.20480679951432,0.073387615170345,0.293193343332619,0.382686950932076,0.308085136775945,0.246660952789086,0.710342118420113,0.254910363545461,0.0731019212913363,0.212377687308049,0.0922434111849154,0.084958217270195,0.173951860581387,0.162238411542033,0.0226412399114349,0.0173201914148989,0.16891650596386,0.249982144132562
"67","091020_1652","",0.08916,"M","MA","","","","",12.39,23.81,26.21,42.7,70.44,24.14,91.39,124.2,103.25,79.71,182.96,226.92,323.55,317,86.2,24,67.52,34.91,29.8,56.46,54.93,6.11,3.95,81.35,62.36,"no","no","no",0,0.0382939267501159,0.0735898624632978,0.0810075722454026,0.131973419873281,0.217709782104775,0.0746097975583372,0.282460207077731,0.383866481223922,0.319116056250966,0.246360686138155,0.701344459898006,0.26641940967393,0.0741770978210478,0.208684901869881,0.107896770205532,0.0921032297944676,0.174501622624015,0.169772832637923,0.0188842528202751,0.0122083140163808,0.25142945448926,0.192736825838356,0.0382939267501159,0.0735898624632978,0.0810075722454026,0.131973419873281,0.217709782104775,0.0746097975583372,0.282460207077731,0.383866481223922,0.319116056250966,0.246360686138155,0.701344459898006,0.26641940967393,0.0741770978210478,0.208684901869881,0.107896770205532,0.0921032297944676,0.174501622624015,0.169772832637923,0.0188842528202751,0.0122083140163808,0.25142945448926,0.192736825838356
"68","091020_1704","",0.09796,"F","MA","","","","",15.38,32.93,30.57,56.55,81.59,26.85,109.44,126.91,113.05,90.53,203.58,257.75,352.86,352,94.34,23.67,74.77,35.86,29.77,59.95,57.05,7,4.09,76.1,80,"no","yes","no",1,0.043586691605736,0.0933231309867936,0.0866349260329876,0.160261860227852,0.231224848381794,0.0760925012752933,0.310151334807006,0.35966105537607,0.320382021198209,0.25656067562206,0.730459672391317,0.267358159043247,0.0670804284985547,0.211897069659355,0.101626707476053,0.0843677379130533,0.169897409737573,0.161678852802811,0.0198378960494247,0.0115909992631639,0.215666269908746,0.226718811993425,0.043586691605736,0.0933231309867936,0.0866349260329876,0.160261860227852,0.231224848381794,0.0760925012752933,0.310151334807006,0.35966105537607,0.320382021198209,0.25656067562206,0.730459672391317,0.267358159043247,0.0670804284985547,0.211897069659355,0.101626707476053,0.0843677379130533,0.169897409737573,0.161678852802811,0.0198378960494247,0.0115909992631639,0.215666269908746,0.226718811993425
"69","091020_1710","",0.076778,"F","MA","","","","",10.6,17.36,20.43,36.71,48.76,18.2,69.88,95.6,74.56,62.42,136.98,172.52,244.34,248,64.6,17.95,36.53,25.73,23.66,38.7,40.53,3.7,2.11,36,60,"no","yes","no",1,0.0433821723827454,0.0710485389211754,0.0836129982810837,0.150241466808545,0.199557992960629,0.0744863714496194,0.285994925104363,0.3912580829991,0.305148563477122,0.255463698125563,0.70606531881804,0.264385692068429,0.0734632070066301,0.149504788409593,0.105304084472456,0.0968322828845052,0.15838585577474,0.165875419497422,0.0151428337562413,0.0086355078988295,0.147335679790456,0.245559466317427,0.0433821723827454,0.0710485389211754,0.0836129982810837,0.150241466808545,0.199557992960629,0.0744863714496194,0.285994925104363,0.3912580829991,0.305148563477122,0.255463698125563,0.70606531881804,0.264385692068429,0.0734632070066301,0.149504788409593,0.105304084472456,0.0968322828845052,0.15838585577474,0.165875419497422,0.0151428337562413,0.0086355078988295,0.147335679790456,0.245559466317427
"70","091020_1719","",0.09614,"F","MA","","","","why does this look like a whitefish",11.83,23.18,27.6,45.68,72.74,25.5,93.55,120.95,106.63,77.49,184.12,232.07,320,330,86.69,19.26,54.66,32.63,28.82,52.46,43.76,5.6,4.7,54.04,74.4,"no","yes","no",1,0.03696875,0.0724375,0.08625,0.14275,0.2273125,0.0796875,0.29234375,0.37796875,0.33321875,0.24215625,0.72521875,0.27090625,0.0601875,0.1708125,0.10196875,0.0900625,0.1639375,0.13675,0.0175,0.0146875,0.168875,0.2325,0.03696875,0.0724375,0.08625,0.14275,0.2273125,0.0796875,0.29234375,0.37796875,0.33321875,0.24215625,0.72521875,0.27090625,0.0601875,0.1708125,0.10196875,0.0900625,0.1639375,0.13675,0.0175,0.0146875,0.168875,0.2325
"71","091020_1726","",0.09419,"F","MA","","","","",16.11,32.32,27.22,52.46,79.41,27.22,105.11,130.55,112.94,92.87,205.81,256.21,352.27,352,94.18,28.53,67.6,38.81,34.16,64.02,60.71,5,5.4,77.4,83.52,"no","yes","no",1,0.0457319669571635,0.0917478070797968,0.0772702756408437,0.148919862605388,0.225423680699463,0.0772702756408437,0.298379084225168,0.370596417520652,0.320606353081443,0.263633008771681,0.727311437249837,0.267351747239334,0.0809890141084963,0.191898259857496,0.110171175518778,0.0969710733244386,0.181735600533682,0.172339398756636,0.0141936582734834,0.0153291509353621,0.219717830073523,0.237090867800267,0.0457319669571635,0.0917478070797968,0.0772702756408437,0.148919862605388,0.225423680699463,0.0772702756408437,0.298379084225168,0.370596417520652,0.320606353081443,0.263633008771681,0.727311437249837,0.267351747239334,0.0809890141084963,0.191898259857496,0.110171175518778,0.0969710733244386,0.181735600533682,0.172339398756636,0.0141936582734834,0.0153291509353621,0.219717830073523,0.237090867800267
"72","091020_1731","",0.090894,"F","MA","","","","",10.93,25.37,27.37,48.01,69.72,23.83,101.35,125.77,110.73,74.05,184.78,231.82,322.7,329,73.14,26.76,63.13,34.72,29.54,58.15,51.17,6,3,69,79,"no","yes","no",1,0.0338704679268671,0.0786179113727921,0.0848156182212581,0.148775952897428,0.216052060737527,0.0738456770994732,0.314068794546018,0.389742795165789,0.343136039665324,0.229470096064456,0.718376200805702,0.226650139448404,0.082925317632476,0.195630616671831,0.107592190889371,0.0915401301518438,0.180198326619151,0.158568329718004,0.0185931205453982,0.0092965602726991,0.213820886272079,0.24480942051441,0.0338704679268671,0.0786179113727921,0.0848156182212581,0.148775952897428,0.216052060737527,0.0738456770994732,0.314068794546018,0.389742795165789,0.343136039665324,0.229470096064456,0.718376200805702,0.226650139448404,0.082925317632476,0.195630616671831,0.107592190889371,0.0915401301518438,0.180198326619151,0.158568329718004,0.0185931205453982,0.0092965602726991,0.213820886272079,0.24480942051441
"73","091020_1737","",0.0806,"M","IM","","","","",12.82,23.21,25.8,45.62,55.71,21.05,83.83,108.09,86.89,67.39,154.28,200,275.35,285,67.43,23.54,58.23,26.92,23.24,48.43,47.79,5.5,3.05,59,68.3,"no","no","no",0,0.0465589250045397,0.0842927183584529,0.0936989286362811,0.165680043580897,0.202324314508807,0.0764481568912293,0.304448883239513,0.392554930088978,0.315562011984747,0.244743054294534,0.726348284002179,0.244888323951335,0.0854911930270565,0.211476302887234,0.0977664790266933,0.0844016706010532,0.175885236971128,0.173560922462321,0.0199745778100599,0.0110768113310332,0.214272743780643,0.248047938986744,0.0465589250045397,0.0842927183584529,0.0936989286362811,0.165680043580897,0.202324314508807,0.0764481568912293,0.304448883239513,0.392554930088978,0.315562011984747,0.244743054294534,0.726348284002179,0.244888323951335,0.0854911930270565,0.211476302887234,0.0977664790266933,0.0844016706010532,0.175885236971128,0.173560922462321,0.0199745778100599,0.0110768113310332,0.214272743780643,0.248047938986744
"74","091020_1743","",0.092577,"F","MA","","","","",13.33,30.08,31.55,57.19,74.82,25.85,103.41,126.84,105.73,84.94,190.67,240.73,336.87,340,86.52,28.34,69.11,34.48,34.93,57.86,58.39,6.13,5.3,75.8,76.8,"no","yes","no",1,0.0395701605960756,0.0892926054561107,0.0936563065871108,0.169768753525099,0.222103482055392,0.0767358328138451,0.306973016297088,0.376525069017722,0.313859945973224,0.252144744263366,0.714608009024253,0.256834980853148,0.0841274081990085,0.205153323240419,0.102354023807403,0.10368985068424,0.1717576513195,0.173330958529997,0.0181969305666874,0.0157330721049663,0.225012616142726,0.227981120313474,0.0395701605960756,0.0892926054561107,0.0936563065871108,0.169768753525099,0.222103482055392,0.0767358328138451,0.306973016297088,0.376525069017722,0.313859945973224,0.252144744263366,0.714608009024253,0.256834980853148,0.0841274081990085,0.205153323240419,0.102354023807403,0.10368985068424,0.1717576513195,0.173330958529997,0.0181969305666874,0.0157330721049663,0.225012616142726,0.227981120313474
"75","091020_1748","",0.09599,"M","","","","","",11.71,24.67,30.92,49.16,74.48,24.18,92.06,110.59,99.93,75.86,175.79,227.12,323.65,331,96.58,21.58,84.15,37.98,34.65,56.81,65.99,5.7,5.7,77.46,63,"yes","","no",0,0.0361810597868067,0.0762243163911633,0.0955353004789124,0.151892476440599,0.230125135176889,0.0747103352386838,0.284443071218909,0.341696276842268,0.308759462382203,0.234389000463464,0.701745712961533,0.29840877491117,0.0666769658581801,0.260003089757454,0.117348988104434,0.107060095782481,0.175529120964004,0.20389309439209,0.0176116174880272,0.0176116174880272,0.239332612389927,0.194654719604511,0.0361810597868067,0.0762243163911633,0.0955353004789124,0.151892476440599,0.230125135176889,0.0747103352386838,0.284443071218909,0.341696276842268,0.308759462382203,0.234389000463464,0.701745712961533,0.29840877491117,0.0666769658581801,0.260003089757454,0.117348988104434,0.107060095782481,0.175529120964004,0.20389309439209,0.0176116174880272,0.0176116174880272,0.239332612389927,0.194654719604511
"76","091020_1757","",0.089158,"F","","","","","",11.41,23.18,28,44.58,69.64,24.16,92.5,117.87,103.87,75.08,178.95,220.93,312.68,308,82.14,19.1,56.54,31.47,29.61,59.15,45.33,8.16,3.31,53.38,71.42,"no","","no",1,0.0364909811948318,0.0741332992196495,0.0895484201100166,0.142573877446591,0.222719713445056,0.0772674939235001,0.295829602149162,0.376966867084559,0.332192657029551,0.240117692209287,0.706569016246642,0.262696686708456,0.0610848151464756,0.180823845465012,0.100646027887937,0.0946974542663426,0.18917103748241,0.144972495842395,0.0260969681463477,0.0105859025201484,0.170717666624025,0.228412434437764,0.0364909811948318,0.0741332992196495,0.0895484201100166,0.142573877446591,0.222719713445056,0.0772674939235001,0.295829602149162,0.376966867084559,0.332192657029551,0.240117692209287,0.706569016246642,0.262696686708456,0.0610848151464756,0.180823845465012,0.100646027887937,0.0946974542663426,0.18917103748241,0.144972495842395,0.0260969681463477,0.0105859025201484,0.170717666624025,0.228412434437764
"77","091020_1801","",0.095221,"M","","","","","",12.76,24.57,28,45.9,65.53,24.1,87,114.04,101.7,71.99,173.69,216.16,317.98,320,88.85,24.72,99.34,37.71,33.35,60.41,54.5,4.52,3.42,101.86,66.54,"yes","","yes pelvic",0,0.040128309956601,0.0772690106295993,0.088055852569344,0.144348701176175,0.20608214353104,0.0757909302471854,0.273602113340462,0.358638908107428,0.319831435939367,0.226397886659538,0.679791181835335,0.279420089313793,0.0777407384112208,0.312409585508523,0.118592364299641,0.104880810113844,0.18998050191836,0.171394427322473,0.0142147304861941,0.0107553934209699,0.320334612239764,0.209258443927291,0.040128309956601,0.0772690106295993,0.088055852569344,0.144348701176175,0.20608214353104,0.0757909302471854,0.273602113340462,0.358638908107428,0.319831435939367,0.226397886659538,0.679791181835335,0.279420089313793,0.0777407384112208,0.312409585508523,0.118592364299641,0.104880810113844,0.18998050191836,0.171394427322473,0.0142147304861941,0.0107553934209699,0.320334612239764,0.209258443927291
"78","091020_1820","",0.105211,"M","","","","","",12.5,25.36,32.83,52.61,77.44,25.55,98.39,127.2,108.58,78.93,187.51,238.84,340.46,351,96.4,21.09,93.88,39.85,29.16,64.77,49.71,6.08,6.21,87.72,78.39,"yes","","no",0,0.036715032602949,0.0744874581448628,0.0964283616283851,0.154526229219292,0.227456969981789,0.0750455266404277,0.288991364624332,0.373612171767609,0.318921459202256,0.231833401868061,0.701521470951066,0.283146331433942,0.0619456030076955,0.275744580861188,0.117047523938201,0.0856488280561593,0.19024261293544,0.146008341655407,0.0178581918580744,0.018240028197145,0.257651412794455,0.230247312459613,0.036715032602949,0.0744874581448628,0.0964283616283851,0.154526229219292,0.227456969981789,0.0750455266404277,0.288991364624332,0.373612171767609,0.318921459202256,0.231833401868061,0.701521470951066,0.283146331433942,0.0619456030076955,0.275744580861188,0.117047523938201,0.0856488280561593,0.19024261293544,0.146008341655407,0.0178581918580744,0.018240028197145,0.257651412794455,0.230247312459613
"79","091720_1827","",0.100825,"F","","","","","",12.1,21.78,25.71,41.95,71.62,26.17,92.36,125.44,108.72,84.3,193.02,234.95,334.95,329,86.22,21.12,74.36,30.16,34.12,61.03,44.74,5.2,4.12,79.15,77.73,"yes","","yes",1,0.0361247947454844,0.0650246305418719,0.0767577250335871,0.125242573518436,0.213822958650545,0.0781310643379609,0.275742648156441,0.374503657262278,0.324585759068518,0.251679355127631,0.701447977310046,0.257411553963278,0.0630541871921182,0.22200328407225,0.0900432900432901,0.101865950141812,0.182206299447679,0.133572174951485,0.0155247051798776,0.0123003433348261,0.236303925959098,0.232064487236901,0.0361247947454844,0.0650246305418719,0.0767577250335871,0.125242573518436,0.213822958650545,0.0781310643379609,0.275742648156441,0.374503657262278,0.324585759068518,0.251679355127631,0.701447977310046,0.257411553963278,0.0630541871921182,0.22200328407225,0.0900432900432901,0.101865950141812,0.182206299447679,0.133572174951485,0.0155247051798776,0.0123003433348261,0.236303925959098,0.232064487236901
"80","091720_1834","",0.089229,"M","","","","","",11.08,21.69,26.86,43.91,64.55,23.51,85.42,116.46,100.14,71.45,171.59,211.42,308.2,313,80.56,28.86,81.02,34.32,29.72,54.46,48.36,5.33,5.43,77.16,77.99,"no","","no",0,0.03595068137573,0.0703763789746918,0.0871512005191434,0.142472420506165,0.209441920830629,0.0762816353017521,0.277157689811811,0.377871512005191,0.324918883841661,0.231829980532122,0.685983127839066,0.261388708630759,0.0936404931862427,0.262881245944192,0.111356262167424,0.0964308890330954,0.176703439325114,0.156911096690461,0.0172939649578196,0.0176184295911746,0.25035691109669,0.253049967553537,0.03595068137573,0.0703763789746918,0.0871512005191434,0.142472420506165,0.209441920830629,0.0762816353017521,0.277157689811811,0.377871512005191,0.324918883841661,0.231829980532122,0.685983127839066,0.261388708630759,0.0936404931862427,0.262881245944192,0.111356262167424,0.0964308890330954,0.176703439325114,0.156911096690461,0.0172939649578196,0.0176184295911746,0.25035691109669,0.253049967553537
"81","092320_1920","",0.116248,"M","","","","","",10.59,22.44,27.32,44.76,60.91,23.4,87.65,122.64,91.95,81.85,173.8,217.5,312.45,295,75.56,23.35,65.1,33.53,30.47,51.92,50,6.55,5.6,64.36,75.05,"no","","yes",0,0.0338934229476716,0.071819491118579,0.0874379900784125,0.143254920787326,0.194943190910546,0.0748919827172348,0.280524883981437,0.392510801728277,0.294287085933749,0.261961913906225,0.696111377820451,0.241830692910866,0.0747319571131381,0.208353336533845,0.107313170107217,0.0975196031365018,0.166170587293967,0.160025604096655,0.0209633541366619,0.0179228676588254,0.205984957593215,0.24019843174908,0.0338934229476716,0.071819491118579,0.0874379900784125,0.143254920787326,0.194943190910546,0.0748919827172348,0.280524883981437,0.392510801728277,0.294287085933749,0.261961913906225,0.696111377820451,0.241830692910866,0.0747319571131381,0.208353336533845,0.107313170107217,0.0975196031365018,0.166170587293967,0.160025604096655,0.0209633541366619,0.0179228676588254,0.205984957593215,0.24019843174908
"82","092320_1926","",0.095199,"F","","","","","",11.71,21.8,29.33,44.84,62.5,22.95,86.44,114.43,94.37,84.54,178.91,220.86,307.35,310,82.03,28.82,53.47,22.83,27.03,55.13,48.33,NA,NA,53.53,76.54,"no","","no",1,0.0380998861233122,0.0709289084106068,0.0954286643891329,0.145892305189523,0.203351228241419,0.0746705710102489,0.281242882707012,0.372311696762648,0.307044086546283,0.275061005368472,0.718594436310395,0.266894420042297,0.0937693183666829,0.173971042785098,0.0742801366520254,0.0879453391898487,0.179372051407191,0.157247437774524,NA,NA,0.17416625996421,0.249032048153571,0.0380998861233122,0.0709289084106068,0.0954286643891329,0.145892305189523,0.203351228241419,0.0746705710102489,0.281242882707012,0.372311696762648,0.307044086546283,0.275061005368472,0.718594436310395,0.266894420042297,0.0937693183666829,0.173971042785098,0.0742801366520254,0.0879453391898487,0.179372051407191,0.157247437774524,NA,NA,0.17416625996421,0.249032048153571
"83","092320_1930","",0.111084,"M","","","","","",11.78,25.99,35.88,53.99,73.47,27.45,99.75,131.08,104.33,90.09,194.42,249.72,351.16,359,92.1,27.26,87.67,34.36,29.12,58.32,54.16,6,5.75,88.38,83.58,"yes","","no",0,0.0335459619546645,0.0740118464517599,0.102175646428978,0.153747579450963,0.209220867980408,0.0781694953867183,0.284058548809659,0.373277138626267,0.297101036564529,0.256549720924934,0.711128830162889,0.262273607472377,0.0776284314842237,0.249658275430003,0.0978471352090215,0.0829251623191707,0.166078141018339,0.154231689258458,0.0170862284998291,0.0163743023123363,0.251680145802483,0.23801116300262,0.0335459619546645,0.0740118464517599,0.102175646428978,0.153747579450963,0.209220867980408,0.0781694953867183,0.284058548809659,0.373277138626267,0.297101036564529,0.256549720924934,0.711128830162889,0.262273607472377,0.0776284314842237,0.249658275430003,0.0978471352090215,0.0829251623191707,0.166078141018339,0.154231689258458,0.0170862284998291,0.0163743023123363,0.251680145802483,0.23801116300262
"84","092320_1938","",0.10517,"M","","","","","",15.69,29.55,29.45,54.69,68.78,24.41,100.54,125.72,109.06,77.09,186.15,239.89,345.95,345,90.48,27.54,99.83,35.41,29.77,64.79,59.06,5.6,5.05,85.78,77.84,"yes","","no",0,0.0453533747651395,0.085416967769909,0.0851279086573204,0.158086428674664,0.198814857638387,0.0705593293828588,0.290620031796502,0.363405116346293,0.315247868189045,0.222835669894493,0.693423905188611,0.261540685070097,0.0796068796068796,0.288567712097124,0.102355831767596,0.0860528978176037,0.187281399046105,0.170718311894782,0.0161873103049574,0.0145974851857205,0.247954906778436,0.225003613238907,0.0453533747651395,0.085416967769909,0.0851279086573204,0.158086428674664,0.198814857638387,0.0705593293828588,0.290620031796502,0.363405116346293,0.315247868189045,0.222835669894493,0.693423905188611,0.261540685070097,0.0796068796068796,0.288567712097124,0.102355831767596,0.0860528978176037,0.187281399046105,0.170718311894782,0.0161873103049574,0.0145974851857205,0.247954906778436,0.225003613238907
"85","092320_1942","",0.098932,"F","","","","","",12.08,24.14,26.71,44.52,72.53,25.73,93.39,129.91,102.1,88.05,190.15,233.59,335.93,335,92.15,22.18,70.3,37.71,34.09,55.1,56.3,4.89,4.75,73.24,77.36,"no","","no",1,0.0359598725925044,0.0718602089721073,0.0795106123299497,0.132527609918733,0.21590807608728,0.0765933378977763,0.278004346143542,0.386717470901676,0.303932366862144,0.262108177298842,0.695353198583038,0.274313100943649,0.0660256601077605,0.209269788348763,0.112255529425773,0.101479474890602,0.164022266543625,0.167594439317715,0.0145566040544161,0.0141398505641056,0.218021611645283,0.230286071502992,0.0359598725925044,0.0718602089721073,0.0795106123299497,0.132527609918733,0.21590807608728,0.0765933378977763,0.278004346143542,0.386717470901676,0.303932366862144,0.262108177298842,0.695353198583038,0.274313100943649,0.0660256601077605,0.209269788348763,0.112255529425773,0.101479474890602,0.164022266543625,0.167594439317715,0.0145566040544161,0.0141398505641056,0.218021611645283,0.230286071502992
"86","092320_1946","",0.108689,"M","","","","","",12.97,27.61,31.31,58.81,76.08,26.69,99.58,130.43,108.37,84.79,193.16,245.65,351.64,361,96.68,27.4,91.48,35.85,29.97,64.68,56.55,5.55,5.5,75.41,80.85,"no","","yes",0,0.0368843135024457,0.0785178022978046,0.089039927198271,0.167244909566602,0.216357638493914,0.0759014901603913,0.283187350699579,0.370919121829143,0.308184506882038,0.24112728927312,0.698583778864748,0.274940279831646,0.0779206006142646,0.26015242862018,0.101950858832897,0.0852292116937777,0.183938118530315,0.160817881924696,0.0157831873506996,0.0156409964736662,0.214452280741668,0.229922648162894,0.0368843135024457,0.0785178022978046,0.089039927198271,0.167244909566602,0.216357638493914,0.0759014901603913,0.283187350699579,0.370919121829143,0.308184506882038,0.24112728927312,0.698583778864748,0.274940279831646,0.0779206006142646,0.26015242862018,0.101950858832897,0.0852292116937777,0.183938118530315,0.160817881924696,0.0157831873506996,0.0156409964736662,0.214452280741668,0.229922648162894
"87","092320_1951","",0.107521,"M","","","","","",12.06,25.27,29.9,49.04,73.28,25.47,94.08,134.95,102.16,84.84,187,236.23,347.35,342,89.65,22.71,98.21,34.28,33.6,60.67,51.56,5.3,4.8,106.58,87.29,"yes","","no",0,0.0347200230315244,0.0727508276954081,0.0860803224413416,0.141183244566,0.210968763495034,0.0733266158053836,0.270850726932489,0.388513027205988,0.2941125665755,0.244249316251619,0.680092126097596,0.258097020296531,0.0653807398877213,0.282740751403483,0.0986900820498057,0.0967324024758889,0.174665323161077,0.148438174751691,0.0152583849143515,0.0138189146394127,0.306837483805959,0.25130272059882,0.0347200230315244,0.0727508276954081,0.0860803224413416,0.141183244566,0.210968763495034,0.0733266158053836,0.270850726932489,0.388513027205988,0.2941125665755,0.244249316251619,0.680092126097596,0.258097020296531,0.0653807398877213,0.282740751403483,0.0986900820498057,0.0967324024758889,0.174665323161077,0.148438174751691,0.0152583849143515,0.0138189146394127,0.306837483805959,0.25130272059882
"88","092320_1954","",0.101005,"M","","","","","",12.43,26.47,30.31,52.93,63.44,23.15,94.94,119.29,96.46,74.5,170.96,222.11,315.96,330,81.59,24.53,97.29,33.57,26.72,62.61,58.12,5.7,6.37,90.34,72.36,"yes","","no",0,0.039340422838334,0.0837764273958729,0.0959298645398152,0.16752120521585,0.200784909482213,0.0732687681985061,0.300481073553614,0.377547790859603,0.305291809089758,0.235789340422838,0.702968730219015,0.258228889732878,0.0776364096721104,0.3079187238891,0.106247626281808,0.084567666793265,0.198157994682871,0.18394733510571,0.0180402582605393,0.0201607798455501,0.2859222686416,0.229016331181162,0.039340422838334,0.0837764273958729,0.0959298645398152,0.16752120521585,0.200784909482213,0.0732687681985061,0.300481073553614,0.377547790859603,0.305291809089758,0.235789340422838,0.702968730219015,0.258228889732878,0.0776364096721104,0.3079187238891,0.106247626281808,0.084567666793265,0.198157994682871,0.18394733510571,0.0180402582605393,0.0201607798455501,0.2859222686416,0.229016331181162
"89","092320_1958","",0.093442,"M","","","","","",12.15,25.98,29.16,47.38,67.96,26.92,94.67,125.33,106.06,78.68,184.74,229.5,332.23,325,87.86,24.04,88.23,32.9,30.44,60.92,51.92,6.15,5.2,63.14,72.95,"no","","no",0,0.0365710501760828,0.0781988381542907,0.0877705204225988,0.142612045871836,0.204557083947867,0.0810282033530988,0.284953195075701,0.377238659964482,0.319236673388917,0.236823887066189,0.690786503326009,0.264455347199229,0.0723595099780273,0.265569033500888,0.0990277819582819,0.0916232730337417,0.183366944586582,0.156277277789483,0.0185112723113506,0.015651807482768,0.190049062396533,0.21957679920537,0.0365710501760828,0.0781988381542907,0.0877705204225988,0.142612045871836,0.204557083947867,0.0810282033530988,0.284953195075701,0.377238659964482,0.319236673388917,0.236823887066189,0.690786503326009,0.264455347199229,0.0723595099780273,0.265569033500888,0.0990277819582819,0.0916232730337417,0.183366944586582,0.156277277789483,0.0185112723113506,0.015651807482768,0.190049062396533,0.21957679920537
"90","092420_1608","",0.106359,"F","","","","","",12.88,28.08,29.67,50.2,70.93,23.83,102.43,124.24,109.44,84.14,193.58,242.18,337.46,335,87.66,21.28,59.1,32.47,29.36,54.8,44.4,4.82,5.6,68.99,76.31,"no","","no",1,0.0381674865169205,0.0832098619095596,0.0879215314407634,0.148758371362532,0.210187874118414,0.0706157766846441,0.303532270491318,0.368162152551413,0.324305102827002,0.249333254311622,0.717655425828246,0.259764120192023,0.0630593255496948,0.17513186748059,0.0962188111183548,0.0870029040478872,0.162389616547146,0.131571149173235,0.0142831743021395,0.0165945593551828,0.204439044627511,0.226130504356072,0.0381674865169205,0.0832098619095596,0.0879215314407634,0.148758371362532,0.210187874118414,0.0706157766846441,0.303532270491318,0.368162152551413,0.324305102827002,0.249333254311622,0.717655425828246,0.259764120192023,0.0630593255496948,0.17513186748059,0.0962188111183548,0.0870029040478872,0.162389616547146,0.131571149173235,0.0142831743021395,0.0165945593551828,0.204439044627511,0.226130504356072
"91","092420_1612","",0.12811,"M","","","","","",14.36,32.29,34.08,58.43,85.58,28.6,113.01,139.13,123.12,93.39,216.51,274.3,396.55,390,111.22,35.88,126.39,47.23,43.73,73.63,74.47,5.85,6.42,110.97,85.59,"yes","","no",0,0.0362123313579624,0.0814273105535241,0.0859412432227966,0.14734585802547,0.215811373092926,0.072122052704577,0.284982978186862,0.350851090656916,0.31047787164292,0.235506241331484,0.691716050939352,0.280469045517589,0.0904803933930148,0.31872399445215,0.119102256966335,0.110276131635355,0.185676459462867,0.187794729542302,0.0147522380532089,0.0161896356071113,0.279838607993948,0.215836590593872,0.0362123313579624,0.0814273105535241,0.0859412432227966,0.14734585802547,0.215811373092926,0.072122052704577,0.284982978186862,0.350851090656916,0.31047787164292,0.235506241331484,0.691716050939352,0.280469045517589,0.0904803933930148,0.31872399445215,0.119102256966335,0.110276131635355,0.185676459462867,0.187794729542302,0.0147522380532089,0.0161896356071113,0.279838607993948,0.215836590593872
"92","092420_1627","",0.090849,"M","","","","","",11.54,26.08,28.35,48.07,66.2,23.01,96.22,122.83,102.59,83.76,186.35,229.21,326.18,324,87.89,22.34,82.83,35.66,26.32,60.88,53.1,NA,NA,79.87,71.5,"yes","","no",0,0.0353792384572935,0.0799558525967257,0.0869152001962107,0.147372616346802,0.202955423385861,0.0705438714820038,0.294990496045128,0.376571218345699,0.314519590410203,0.256790729045312,0.702710160034337,0.269452449567723,0.0684897909129928,0.253939542583849,0.109326138941689,0.0806916426512968,0.186645410509535,0.162793549573855,NA,NA,0.244864798577473,0.219204120424306,0.0353792384572935,0.0799558525967257,0.0869152001962107,0.147372616346802,0.202955423385861,0.0705438714820038,0.294990496045128,0.376571218345699,0.314519590410203,0.256790729045312,0.702710160034337,0.269452449567723,0.0684897909129928,0.253939542583849,0.109326138941689,0.0806916426512968,0.186645410509535,0.162793549573855,NA,NA,0.244864798577473,0.219204120424306
"93","092420_1633","",0.111084,"M","","","","","",12.78,30.99,33.99,54.99,81.01,27.33,112.09,135.35,117.32,96.53,213.85,269.39,373.57,380,104.38,29.41,98.04,40.33,33.17,71.97,85,5.75,5.72,92.42,82.7,"yes","","pelvic",0,0.0342104558717242,0.0829563401772091,0.0909869636212758,0.147201327729743,0.216853601734615,0.0731589795754477,0.300050860615146,0.362314961051476,0.314050914152635,0.258398693685253,0.721123216532377,0.279412158363894,0.0787268784966673,0.2624407741521,0.10795834783307,0.0887919265465642,0.19265465642316,0.227534330915223,0.0153920282677945,0.0153117220333539,0.247396739566882,0.221377519608106,0.0342104558717242,0.0829563401772091,0.0909869636212758,0.147201327729743,0.216853601734615,0.0731589795754477,0.300050860615146,0.362314961051476,0.314050914152635,0.258398693685253,0.721123216532377,0.279412158363894,0.0787268784966673,0.2624407741521,0.10795834783307,0.0887919265465642,0.19265465642316,0.227534330915223,0.0153920282677945,0.0153117220333539,0.247396739566882,0.221377519608106
"94","092420_1640","",0.09899,"F","","","","","",11.29,23.96,28.02,45.34,62.77,21.81,88.3,117.8,96.5,75.34,171.84,213.43,297.27,307,73.37,22.57,60.16,31.74,28.17,43.58,43.02,4.92,5.42,65.73,71.8,"no","","no",1,0.0379789417028291,0.0806001278299189,0.0942577454839035,0.152521276953611,0.211154842399166,0.0733676455747301,0.29703636424799,0.396272748679652,0.324620715174757,0.253439634002758,0.717966831499983,0.246812661889864,0.0759242439533084,0.20237494533589,0.106771621757998,0.0947623372691493,0.146600733340061,0.144716924008477,0.0165506105560601,0.0182325831735459,0.221112120294682,0.241531267870959,0.0379789417028291,0.0806001278299189,0.0942577454839035,0.152521276953611,0.211154842399166,0.0733676455747301,0.29703636424799,0.396272748679652,0.324620715174757,0.253439634002758,0.717966831499983,0.246812661889864,0.0759242439533084,0.20237494533589,0.106771621757998,0.0947623372691493,0.146600733340061,0.144716924008477,0.0165506105560601,0.0182325831735459,0.221112120294682,0.241531267870959
"95","092420_1651","",0.100928,"F","","","","","",12.21,29.27,29.57,50.57,79.4,27.45,111.02,133.22,120.52,87.61,208.13,257.58,357.03,352,88.24,27.04,66.64,37.67,35.4,63.37,59.17,7.03,5.46,64.17,84,"no","","no",1,0.0341988068229561,0.0819819062823852,0.0828221718062908,0.14164075847968,0.222390275327003,0.0768842954373582,0.310954261546649,0.37313391031566,0.337562669803658,0.245385541831219,0.721451978825309,0.24715009943142,0.0757359325546873,0.18665098171022,0.105509340951741,0.0991513318208554,0.17749208749965,0.165728370164972,0.0196902221101868,0.0152928325350811,0.179732795563398,0.235274346693555,0.0341988068229561,0.0819819062823852,0.0828221718062908,0.14164075847968,0.222390275327003,0.0768842954373582,0.310954261546649,0.37313391031566,0.337562669803658,0.245385541831219,0.721451978825309,0.24715009943142,0.0757359325546873,0.18665098171022,0.105509340951741,0.0991513318208554,0.17749208749965,0.165728370164972,0.0196902221101868,0.0152928325350811,0.179732795563398,0.235274346693555
"96","092420_1700","",0.106377,"M","","","","","",12.98,28.63,29.37,51.38,74.19,26.06,92.87,129.48,103.95,82.87,186.82,235.45,338.04,329,92.73,22.71,101.57,38.89,31.42,64.04,62.75,4.58,5.5,96.55,78.63,"yes","","no",0,0.0383978227428707,0.084694119039167,0.0868832090876819,0.151993846882026,0.219471068512602,0.0770914684652704,0.274730801088629,0.383031593894214,0.307507987220447,0.245148503135724,0.696515205301148,0.274316648917288,0.0671813986510472,0.300467400307656,0.115045556738847,0.0929475801680275,0.189445036090404,0.185628919654479,0.0135486924624305,0.0162702638740977,0.285617086735298,0.232605608803692,0.0383978227428707,0.084694119039167,0.0868832090876819,0.151993846882026,0.219471068512602,0.0770914684652704,0.274730801088629,0.383031593894214,0.307507987220447,0.245148503135724,0.696515205301148,0.274316648917288,0.0671813986510472,0.300467400307656,0.115045556738847,0.0929475801680275,0.189445036090404,0.185628919654479,0.0135486924624305,0.0162702638740977,0.285617086735298,0.232605608803692
"97","092420_1716","",0.101005,"F","","","","","",12.43,24.95,27.98,48.49,67.17,24.43,104.84,128.12,109.59,84.04,193.63,237.38,336.17,331,79.41,22.84,51.63,37.16,31.37,56.62,45.97,4.88,5.8,49.83,77.88,"no","","no",1,0.03697533985781,0.0742184014040515,0.0832316982479103,0.14424249635601,0.199809620132671,0.0726715649820032,0.311866020168367,0.381116696909302,0.325995775946694,0.249992563286432,0.70613082666508,0.236219769759348,0.0679418151530476,0.153583008596841,0.110539310467918,0.0933158818454948,0.168426688877651,0.13674628907993,0.0145164648838385,0.0172531754766933,0.148228574828212,0.231668501056013,0.03697533985781,0.0742184014040515,0.0832316982479103,0.14424249635601,0.199809620132671,0.0726715649820032,0.311866020168367,0.381116696909302,0.325995775946694,0.249992563286432,0.70613082666508,0.236219769759348,0.0679418151530476,0.153583008596841,0.110539310467918,0.0933158818454948,0.168426688877651,0.13674628907993,0.0145164648838385,0.0172531754766933,0.148228574828212,0.231668501056013
